{"Position": [0.30000001192092896, 2.00600004196167, -0.7000000000000001], "Rotation": [180.0, 178.0, 0.5], "DMXStartingAddress": 26, "DataPoints": [{"Target": [0.0, 0.0, 0.0], "PanTilt": [22.397287368774414, 20.991016387939453], "PanTiltOffset": [0.0, 0.0], "Distance": 2.1457016468048096, "HomogTarget": [0.4414082188036047, 0.3836841484628997]}, {"Target": [1.0, 0.0, 0.0], "PanTilt": [-46.273433685302734, 25.914756774902344], "PanTiltOffset": [0.0, 0.0], "Distance": 2.2369701862335205, "HomogTarget": [-1.162349006134599, 0.48589223121244224]}, {"Target": [1.0, 0.0, 1.0], "PanTilt": [-23.873075485229492, 42.316593170166016], "PanTiltOffset": [0.0, 0.0], "Distance": 2.721035957336426, "HomogTarget": [-0.5985329716279207, 0.9104595185623606]}, {"Target": [0.0, 0.0, 1.0], "PanTilt": [8.57875919342041, 40.80305099487305], "PanTiltOffset": [0.0, 0.0], "Distance": 2.6465139389038086, "HomogTarget": [0.19929262986489968, 0.8632697745393711]}], "Homography": [[-1.622411713309923, -0.03853781272024245, 0.4414082169532775], [0.11000615062420997, 1.3614171619301314, 0.3836841583251955], [0.01604897575048339, 1.0215017701334839, 0.9999999999999999]]}