{"Position": [0.5000000119209289, 1.0, 2.0], "Rotation": [0.0, 0.0, 0.0], "DMXStartingAddress": 20, "DataPoints": [{"Target": [1.0, 0.0, 0.0], "PanTilt": [165.96376037597656, 115.87669372558594], "PanTiltOffset": [0.0, 0.0], "Distance": 2.291287899017334, "HomogTarget": [0.5728217230093469, -2.0615524770078455]}, {"Target": [1.0, 0.0, 1.0], "PanTilt": [153.43495178222656, 131.81031799316406], "PanTiltOffset": [0.0, 0.0], "Distance": 1.5, "HomogTarget": [0.7499998578266658, -1.1180338671158592]}, {"Target": [0.0, 0.0, 1.0], "PanTilt": [-153.43495178222656, 131.81031799316406], "PanTiltOffset": [0.0, 0.0], "Distance": 1.5, "HomogTarget": [-0.7499998578266658, -1.1180338671158592]}, {"Target": [0.0, 0.0, 0.0], "PanTilt": [-165.96376037597656, 115.87669372558594], "PanTiltOffset": [0.0, 0.0], "Distance": 2.291287899017334, "HomogTarget": [-0.5728217230093469, -2.0615524770078455]}], "Homography": [[1.1456434726715086, 0.0, -0.5728217363357543], [0.0, 1.2076402397270563, -2.06155252456665], [0.0, -0.2362375634888907, 1.0]]}