{"Position": [0.30000001192092896, 2.00600004196167, 2.0], "Rotation": [180.0, 13.0, 0.5], "DMXStartingAddress": 20, "DataPoints": [{"Target": [0.0, 0.0, 0.0], "PanTilt": [3.9797351360321045, 45.30917739868164], "PanTiltOffset": [0.0, 0.0], "Distance": 2.8485147953033447, "HomogTarget": [0.9975886599333107, 0.06940364235730828]}, {"Target": [1.0, 0.0, 0.0], "PanTilt": [31.841386795043945, 46.40531921386719], "PanTiltOffset": [0.0, 0.0], "Distance": 2.917882204055786, "HomogTarget": [0.8495118322387408, 0.5275695659212891]}, {"Target": [1.0, 0.0, 1.0], "PanTilt": [47.312286376953125, 31.036300659179688], "PanTiltOffset": [0.0, 0.0], "Distance": 2.348198413848877, "HomogTarget": [0.678002060858944, 0.7350600012727019]}, {"Target": [0.0, 0.0, 1.0], "PanTilt": [-4.614333629608154, 27.642398834228516], "PanTiltOffset": [0.0, 0.0], "Distance": 2.2614235877990723, "HomogTarget": [0.9967587839778406, -0.0804482850222215]}], "Homography": [[-0.43942117153305543, -0.35061768078976385, 0.9975886344909669], [0.277233285456177, -0.12162059215319967, 0.06940364092588445], [-0.34295506860318975, -0.3509252385841539, 1.0]]}