{"Position": [0.5000000119209289, 1.0, 2.0], "Rotation": [0.0, 180.0, 0.0], "DMXStartingAddress": 20, "DataPoints": [{"Target": [0.0, 0.0, 0.0], "PanTilt": [14.036238670349121, 115.87669372558594], "PanTiltOffset": [0.0, 0.0], "Distance": 2.291287899017334, "HomogTarget": [-0.572821682487804, -2.0615524770078455]}, {"Target": [1.0, 0.0, 0.0], "PanTilt": [-14.036248207092285, 115.8766860961914], "PanTiltOffset": [0.0, 0.0], "Distance": 2.291287899017334, "HomogTarget": [0.5728222449500129, -2.061553176087638]}, {"Target": [1.0, 0.0, 1.0], "PanTilt": [-26.56505584716797, 131.81031799316406], "PanTiltOffset": [0.0, 0.0], "Distance": 1.5, "HomogTarget": [0.7500001074980065, -1.1180338671158592]}, {"Target": [0.0, 0.0, 1.0], "PanTilt": [26.565046310424805, 131.81031799316406], "PanTiltOffset": [0.0, 0.0], "Distance": 1.5, "HomogTarget": [-0.7499997954088357, -1.1180338671158592]}], "Homography": [[1.145643515268061, -2.5137049964298146e-07, -0.5728216767311102], [8.475503421541263e-07, 1.20763988599649, -2.0615525245666504], [-7.580721415230425e-07, -0.23623724710262398, 1.0]]}