{"Position": [0.30000001192092896, 2.00600004196167, 2.0], "Rotation": [180.0, 13.0, 0.5], "DMXStartingAddress": 1, "DataPoints": [{"Target": [0.0, 0.0, 0.0], "PanTilt": [3.9797351360321045, 45.30917739868164], "PanTiltOffset": [0.0, 0.0], "Distance": null, "HomogTarget": [0.09892406933675865, 1.0108509861778883]}, {"Target": [1.0, 0.0, 0.0], "PanTilt": [31.841386795043945, 46.40531921386719], "PanTiltOffset": [0.0, 0.0], "Distance": null, "HomogTarget": [0.9006231047445656, 1.050298679759187]}, {"Target": [1.0, 0.0, 1.0], "PanTilt": [47.312286376953125, 31.036300659179688], "PanTiltOffset": [0.0, 0.0], "Distance": null, "HomogTarget": [1.2652945280392653, 0.601723252106105]}, {"Target": [0.0, 0.0, 1.0], "PanTilt": [-4.614333629608154, 27.642398834228516], "PanTiltOffset": [0.0, 0.0], "Distance": null, "HomogTarget": [-0.09110902154478819, 0.5237299770107305]}], "Homography": [[0.8144543756075333, -0.15242691959871368, 0.09892407059669506], [0.0543228570731651, -0.7032959089856096, 1.01085102558136], [0.014162820528086532, -0.41276014674489403, 0.9999999999999999]]}