{
    "Position": [
        2.9,
        0.3,
        -9.2
    ],
    "Rotation": [
        0.0,
        180.0,
        -20.0
    ],
    "PanTiltDirection": [
        0.0,
        -90.0
    ],
    "DataPointsTop": [
        {
            "Target": [
                8.5,
                3.15,
                -0.2
            ],
            "PanTilt": [
                27.0,
                25.900000000000002
            ],
            "PanTiltOffset": [
                -181.52728271484375,
                129.36126708984375
            ],
            "Distance": 10.976451873779297,
            "HomogTarget": [
                -0.39658295243642677,
                -0.16796869473908954
            ]
        },
        {
            "Target": [
                8.63,
                3.15,
                -7.17
            ],
            "PanTilt": [
                68.4,
                43.4
            ],
            "PanTiltOffset": [
                -183.1190185546875,
                92.90718078613281
            ],
            "Distance": 6.713888645172119,
            "HomogTarget": [
                0.5226815794458587,
                -0.5025535521607943
            ]
        },
        {
            "Target": [
                0.475,
                3.15,
                -7.28
            ],
            "PanTilt": [
                -58.3,
                26.799999999999997
            ],
            "PanTiltOffset": [
                178.84617614746094,
                127.12444305419922
            ],
            "Distance": 4.2058916091918945,
            "HomogTarget": [
                24.043369654220445,
                -23.117481203560857
            ]
        }
    ],
    "DataPointsBtm": [
        {
            "Target": [
                8.5,
                0.4,
                -0.2
            ],
            "PanTilt": [
                31.3,
                12.2
            ],
            "PanTiltOffset": [
                -181.14781188964844,
                156.87368774414062
            ],
            "Distance": 10.600471496582031,
            "HomogTarget": [
                -0.2850546357353132,
                0.13845281666120562
            ]
        },
        {
            "Target": [
                8.63,
                0.4,
                -7.17
            ],
            "PanTilt": [
                71.2,
                19.4
            ],
            "PanTiltOffset": [
                -181.97787475585938,
                140.857177734375
            ],
            "Distance": 6.0797858238220215,
            "HomogTarget": [
                0.6342098816668135,
                -0.196132113178359
            ]
        },
        {
            "Target": [
                0.475,
                0.4,
                -7.28
            ],
            "PanTilt": [
                -47.4,
                -14.9
            ],
            "PanTiltOffset": [
                177.09628295898438,
                208.64749145507812
            ],
            "Distance": 3.0946767330169678,
            "HomogTarget": [
                29.173645350161713,
                -9.022071986868546
            ]
        }
    ],
    "HomographyTop": [
        [
            0.1021405056986708,
            1.0631469538805628e-08,
            -0.3965829610824551
        ],
        [
            -0.03717609207157442,
            -9.616837818355612e-10,
            -0.167968690395354
        ],
        [
            -7.842834542796218e-10,
            0.10869565345365181,
            0.9999999999999999
        ]
    ],
    "HomographyBtm": [
        [
            0.1021405004072372,
            8.742841795513769e-11,
            -0.28505462408066246
        ],
        [
            -0.037176102684764054,
            -5.712998105891501e-09,
            0.13845281302928705
        ],
        [
            1.452787737742749e-09,
            0.10869565284799193,
            1.0
        ]
    ],
    "HomographySide_1": [
        [
            0.10214052204705726,
            -0.03717610889738421,
            -0.2850546240806584
        ],
        [
            -0.03717610937697142,
            -0.10214049968603249,
            0.13845281302928913
        ],
        [
            3.5573702970844206e-08,
            -8.665398102562966e-09,
            1.0
        ]
    ],
    "HomographySide_2": [
        [
            4.698462682184086,
            -1.7100992074330366,
            -13.11251640319824
        ],
        [
            -1.7101006911633507,
            -4.698463370867887,
            6.368833541870113
        ],
        [
            1.034772342478356e-08,
            -2.96938425840855e-07,
            1.0
        ]
    ],
    "Axis": "z",
    "DMXStartingAddress": 82
}