{
    "Position": [
        6.0,
        3.5,
        1.0
    ],
    "Rotation": [
        180.0,
        0.0,
        0.0
    ],
    "PanTiltDirection": [
        0.0,
        90.0
    ],
    "DataPointsTop": [
        {
            "Target": [
                8.42,
                3.33,
                -0.6
            ],
            "PanTilt": [
                61.95899353027344,
                -16.293450927734376
            ],
            "PanTiltOffset": [
                61.51197052001953,
                19.647056579589844
            ],
            "Distance": null,
            "HomogTarget": [
                1.877483613851821,
                -0.6217704708149678
            ]
        },
        {
            "Target": [
                8.15,
                3.2800000000000002,
                -7.42
            ],
            "PanTilt": [
                17.21385681152344,
                -6.505166931152343
            ],
            "PanTiltOffset": [
                148.46206665039062,
                7.955352783203125
            ],
            "Distance": null,
            "HomogTarget": [
                0.30981675065778386,
                -0.11937410589787034
            ]
        },
        {
            "Target": [
                0.19,
                3.15,
                -7.22
            ],
            "PanTilt": [
                -32.98800000000001,
                -5.747700000000001
            ],
            "PanTiltOffset": [
                -111.75884246826172,
                7.739105224609375
            ],
            "Distance": null,
            "HomogTarget": [
                -0.6491098672059389,
                -0.12000000182881881
            ]
        },
        {
            "Target": [
                0.14,
                3.27,
                -0.47
            ],
            "PanTilt": [
                -74.67799999999998,
                -8.667699999999996
            ],
            "PanTiltOffset": [
                -29.40424346923828,
                10.847877502441406
            ],
            "Distance": null,
            "HomogTarget": [
                -3.6498775348932546,
                -0.576909828164707
            ]
        }
    ],
    "DataPointsBtm": [
        {
            "Target": [
                8.42,
                0.26,
                -0.6
            ],
            "PanTilt": [
                62.659001159667966,
                -53.78598175048828
            ],
            "PanTiltOffset": [
                60.81196212768555,
                101.94464111328125
            ],
            "Distance": null,
            "HomogTarget": [
                1.9340675858353764,
                -2.973370909345106
            ]
        },
        {
            "Target": [
                8.15,
                0.26,
                -7.42
            ],
            "PanTilt": [
                17.343856811523438,
                -25.578924865722655
            ],
            "PanTiltOffset": [
                148.33206176757812,
                46.026161193847656
            ],
            "Distance": null,
            "HomogTarget": [
                0.31230521850515147,
                -0.50146782291617
            ]
        },
        {
            "Target": [
                0.19,
                0.26,
                -7.22
            ],
            "PanTilt": [
                -32.95801,
                -22.66772
            ],
            "PanTiltOffset": [
                -111.78883361816406,
                40.50981140136719
            ],
            "Distance": 10.574596405029297,
            "HomogTarget": [
                -0.6483661541141393,
                -0.49775048049390486
            ]
        },
        {
            "Target": [
                0.14,
                0.26,
                -0.47
            ],
            "PanTilt": [
                -74.97799999999998,
                -34.39769999999999
            ],
            "PanTiltOffset": [
                -29.104248046875,
                62.601688385009766
            ],
            "Distance": null,
            "HomogTarget": [
                -3.7263269909922228,
                -2.64151994281366
            ]
        }
    ],
    "HomographyTop": [
        [
            0.929450119498811,
            -0.024966417160316952,
            -5.378456177037052
        ],
        [
            0.0017079115320959186,
            0.014920075224438256,
            -0.8209381281866849
        ],
        [
            -0.02953248220221017,
            -0.9337602633841312,
            0.9999999999999999
        ]
    ],
    "HomographyBtm": [
        [
            0.9475342353736447,
            -0.03248220781759193,
            -5.52807694843412
        ],
        [
            0.0023288704323129288,
            0.01657488919237845,
            -3.8064224800849376
        ],
        [
            -0.035147667868943196,
            -0.9547731890554119,
            1.0
        ]
    ],
    "HomographySide_1": [
        [
            -0.004132947139285135,
            0.0142226664864216,
            3.4874589507207086
        ],
        [
            1.3678064501841365,
            0.012008199235314744,
            -5.695156108984194
        ],
        [
            0.015451673412433765,
            -1.3236465295824014,
            1.0
        ]
    ],
    "HomographySide_2": [
        [
            -0.010121998913951463,
            -0.07240842990771405,
            -5.323800633354254
        ],
        [
            0.9668875206072118,
            -0.009470096568095436,
            -4.007520441213322
        ],
        [
            0.012656521077077782,
            -0.8871957358941646,
            0.9999999999999999
        ]
    ],
    "Axis": "z",
    "DMXStartingAddress": 94
}