{
    "Position": [
        -0.1,
        3.6,
        -8.0
    ],
    "Rotation": [
        200.0,
        0.0,
        20.0
    ],
    "PanTiltDirection": [
        0.0,
        -90.0
    ],
    "DataPointsTop": [
        {
            "Target": [
                8.42,
                3.33,
                -0.6
            ],
            "PanTilt": [
                -46.4,
                3.5000000000000004
            ],
            "PanTiltOffset": [
                181.84295654296875,
                174.2369384765625
            ],
            "Distance": null,
            "HomogTarget": [
                -1.0501034490911145,
                0.08869038110371168
            ]
        },
        {
            "Target": [
                8.63,
                3.15,
                -7.17
            ],
            "PanTilt": [
                -79.81613000000002,
                19.970422363281234
            ],
            "PanTiltOffset": [
                183.40525817871094,
                140.61175537109375
            ],
            "Distance": null,
            "HomogTarget": [
                -5.5667577791529546,
                2.0552600947333426
            ]
        },
        {
            "Target": [
                0.19,
                3.15,
                -7.22
            ],
            "PanTilt": [
                -1.5299999999999994,
                -4.86
            ],
            "PanTiltOffset": [
                174.1165771484375,
                171.17691040039062
            ],
            "Distance": 0.9460445046424866,
            "HomogTarget": [
                -0.3019178003681994,
                -0.05766976778797588
            ]
        },
        {
            "Target": [
                0.14,
                3.27,
                -0.47
            ],
            "PanTilt": [
                -3.33,
                -16.13
            ],
            "PanTiltOffset": [
                182.43479919433594,
                213.1466064453125
            ],
            "Distance": 7.541048049926758,
            "HomogTarget": [
                -0.12863518142421387,
                -0.3951247628185785
            ]
        }
    ],
    "DataPointsBtm": [
        {
            "Target": [
                8.42,
                0.26,
                -0.6
            ],
            "PanTilt": [
                -39.0,
                17.06
            ],
            "PanTiltOffset": [
                181.7421417236328,
                147.38174438476562
            ],
            "Distance": null,
            "HomogTarget": [
                -0.809784033195007,
                0.3948757945597354
            ]
        },
        {
            "Target": [
                8.15,
                0.26,
                -7.42
            ],
            "PanTilt": [
                -70.51610000000001,
                38.870400000000004
            ],
            "PanTiltOffset": [
                181.86398315429688,
                103.85052490234375
            ],
            "Distance": null,
            "HomogTarget": [
                -2.8264367004862647,
                2.4166244090286115
            ]
        },
        {
            "Target": [
                0.19,
                0.26,
                -7.22
            ],
            "PanTilt": [
                15.3,
                45.84
            ],
            "PanTiltOffset": [
                -170.0022430419922,
                80.41410827636719
            ],
            "Distance": 3.4421069622039795,
            "HomogTarget": [
                0.2735690430822373,
                1.0675984113063808
            ]
        },
        {
            "Target": [
                0.14,
                0.26,
                -0.47
            ],
            "PanTilt": [
                4.2,
                3.63
            ],
            "PanTiltOffset": [
                -177.8029327392578,
                173.23272705078125
            ],
            "Distance": 8.241002082824707,
            "HomogTarget": [
                -0.00872686779075879,
                -0.06466956159161188
            ]
        }
    ],
    "HomographyTop": [
        [
            -0.1951901853420837,
            -0.03840540524133103,
            -0.05040349692526128
        ],
        [
            0.06367000128290462,
            -0.058504066068693246,
            -0.4300850436764906
        ],
        [
            0.08481380720081987,
            0.204986996837409,
            1.0
        ]
    ],
    "HomographyBtm": [
        [
            -0.10537471596553778,
            -0.008781480007413255,
            0.03560010733257467
        ],
        [
            0.05861844123855277,
            -0.036838292995323,
            -0.10294616022201646
        ],
        [
            0.013448722401302073,
            0.11339742452049506,
            1.0
        ]
    ],
    "HomographySide_1": [
        [
            -0.02758593460437193,
            -0.014726448885167226,
            -0.7527437750224922
        ],
        [
            -0.09630685060010398,
            -0.027867598337289197,
            0.37456922026103706
        ],
        [
            -0.04287123727049122,
            0.10224439716634064,
            1.0
        ]
    ],
    "HomographySide_2": [
        [
            -0.034771453439733285,
            -0.01057027427987293,
            0.0015768018552091941
        ],
        [
            -0.09385432451557826,
            -0.045429961448147406,
            -0.04101067484903172
        ],
        [
            -0.048555543377021906,
            0.1022482813739684,
            1.0
        ]
    ],
    "Axis": "z",
    "DMXStartingAddress": 1
}