{
    "Position": [
        6.1,
        0.3,
        -9.2
    ],
    "Rotation": [
        -20.0,
        180.0,
        20.0
    ],
    "PanTiltDirection": [
        0.0,
        -90.0
    ],
    "DataPointsTop": [
        {
            "Target": [
                8.42,
                3.33,
                -0.6
            ],
            "PanTilt": [
                28.6,
                29.424999999999997
            ],
            "PanTiltOffset": [
                -188.0941619873047,
                137.9666290283203
            ],
            "Distance": null,
            "HomogTarget": [
                0.5452176993605875,
                0.6424339269173946
            ]
        },
        {
            "Target": [
                8.63,
                3.15,
                -7.17
            ],
            "PanTilt": [
                72.48000000000002,
                40.99000000000001
            ],
            "PanTiltOffset": [
                -193.6781005859375,
                114.18574523925781
            ],
            "Distance": null,
            "HomogTarget": [
                3.1677387472441287,
                2.88660690247934
            ]
        },
        {
            "Target": [
                0.19,
                3.15,
                -7.22
            ],
            "PanTilt": [
                -75.5,
                48.300000000000004
            ],
            "PanTiltOffset": [
                188.88487243652344,
                88.409423828125
            ],
            "Distance": null,
            "HomogTarget": [
                -3.866713094898737,
                4.482687823097764
            ]
        },
        {
            "Target": [
                0.14,
                3.27,
                -0.47
            ],
            "PanTilt": [
                -26.5,
                41.5
            ],
            "PanTiltOffset": [
                178.79270935058594,
                112.40641784667969
            ],
            "Distance": null,
            "HomogTarget": [
                -0.49858160805343144,
                0.9885923510325316
            ]
        }
    ],
    "DataPointsBtm": [
        {
            "Target": [
                8.42,
                0.26,
                -0.6
            ],
            "PanTilt": [
                19.82,
                12.299999999999999
            ],
            "PanTiltOffset": [
                -185.68093872070312,
                173.05349731445312
            ],
            "Distance": null,
            "HomogTarget": [
                0.3604165130240156,
                0.2317644117740047
            ]
        },
        {
            "Target": [
                8.15,
                0.26,
                -7.42
            ],
            "PanTilt": [
                44.10000000000001,
                -2.8899999999999975
            ],
            "PanTiltOffset": [
                -177.04208374023438,
                198.6773681640625
            ],
            "Distance": null,
            "HomogTarget": [
                0.9690674171937936,
                -0.07029799010504319
            ]
        },
        {
            "Target": [
                0.19,
                0.26,
                -7.22
            ],
            "PanTilt": [
                -68.30000000000001,
                23.66
            ],
            "PanTiltOffset": [
                177.87796020507812,
                137.7818603515625
            ],
            "Distance": null,
            "HomogTarget": [
                -2.5128890335228933,
                1.1849648405714983
            ]
        },
        {
            "Target": [
                0.14,
                0.26,
                -0.47
            ],
            "PanTilt": [
                -28.9,
                26.099999999999998
            ],
            "PanTiltOffset": [
                176.1549835205078,
                142.9888916015625
            ],
            "Distance": null,
            "HomogTarget": [
                -0.5520296577990217,
                0.5595828613424414
            ]
        }
    ],
    "HomographyTop": [
        [
            0.11540255072363538,
            0.020902577744166703,
            -0.4771977492571314
        ],
        [
            -0.04364091437431172,
            0.033881471967980976,
            0.9556707720189241
        ],
        [
            -0.005469444251251245,
            0.11664681233537766,
            1.0
        ]
    ],
    "HomographyBtm": [
        [
            0.10489372065358128,
            0.01303195618674515,
            -0.5334418694088251
        ],
        [
            -0.03713580532031138,
            0.036102037286289496,
            0.5542305030977521
        ],
        [
            0.0013988012631071434,
            0.10505142531174706,
            1.0
        ]
    ],
    "HomographySide_1": [
        [
            0.029299313825428584,
            0.019878909219385916,
            0.3373620001721924
        ],
        [
            0.09259201688699045,
            0.03350344987714185,
            0.21019622431284266
        ],
        [
            -0.04828575241135638,
            0.1056150782664161,
            1.0
        ]
    ],
    "HomographySide_2": [
        [
            0.035211553115627646,
            0.009108614534808915,
            -0.5242954494571712
        ],
        [
            0.09741983654974612,
            0.03742225111234156,
            0.5187878502936145
        ],
        [
            -0.037112507842667675,
            0.10514968804909103,
            0.9999999999999999
        ]
    ],
    "Axis": "z",
    "DMXStartingAddress": 109
}