{
    "Position": [
        7.1,
        0.7,
        -9.2
    ],
    "Rotation": [
        0.0,
        180.0,
        20.0
    ],
    "PanTiltDirection": [
        0.0,
        -90.0
    ],
    "DataPointsTop": [
        {
            "Target": [
                8.42,
                3.33,
                -0.6
            ],
            "PanTilt": [
                23.919999999999998,
                31.055
            ],
            "PanTiltOffset": [
                -189.9470672607422,
                136.10519409179688
            ],
            "Distance": null,
            "HomogTarget": [
                0.44355668091830985,
                0.6587459267707683
            ]
        },
        {
            "Target": [
                8.63,
                3.15,
                -7.17
            ],
            "PanTilt": [
                66.7,
                51.03000000000001
            ],
            "PanTiltOffset": [
                -198.4342803955078,
                98.712646484375
            ],
            "Distance": null,
            "HomogTarget": [
                2.321974021678793,
                3.1253549231516087
            ]
        },
        {
            "Target": [
                0.19,
                3.15,
                -7.22
            ],
            "PanTilt": [
                -77.13,
                45.470000000000006
            ],
            "PanTiltOffset": [
                186.42578125,
                96.62390899658203
            ],
            "Distance": null,
            "HomogTarget": [
                -4.376758821049189,
                4.563812174296613
            ]
        },
        {
            "Target": [
                0.14,
                3.27,
                -0.47
            ],
            "PanTilt": [
                -30.7,
                40.9
            ],
            "PanTiltOffset": [
                177.73721313476562,
                114.35578918457031
            ],
            "Distance": null,
            "HomogTarget": [
                -0.5937565495564159,
                1.0074139494715966
            ]
        }
    ],
    "DataPointsBtm": [
        {
            "Target": [
                8.42,
                0.26,
                -0.6
            ],
            "PanTilt": [
                15.07,
                14.700000000000001
            ],
            "PanTiltOffset": [
                -187.84722900390625,
                170.9978485107422
            ],
            "Distance": null,
            "HomogTarget": [
                0.26925906866421945,
                0.2716887648149888
            ]
        },
        {
            "Target": [
                8.15,
                0.26,
                -7.42
            ],
            "PanTilt": [
                27.900000000000006,
                -1.7499999999999987
            ],
            "PanTiltOffset": [
                -182.73733520507812,
                203.19732666015625
            ],
            "Distance": null,
            "HomogTarget": [
                0.5294727451820148,
                -0.03457111507665512
            ]
        },
        {
            "Target": [
                0.19,
                0.26,
                -7.22
            ],
            "PanTilt": [
                -70.58,
                23.2
            ],
            "PanTiltOffset": [
                177.17530822753906,
                141.0904541015625
            ],
            "Distance": 7.201534271240234,
            "HomogTarget": [
                -2.8364932407252264,
                1.2890615819399807
            ]
        },
        {
            "Target": [
                0.14,
                0.26,
                -0.47
            ],
            "PanTilt": [
                -32.7,
                27.1
            ],
            "PanTiltOffset": [
                175.2331085205078,
                142.7607879638672
            ],
            "Distance": null,
            "HomogTarget": [
                -0.6419885901269032,
                0.6081037396977518
            ]
        }
    ],
    "HomographyTop": [
        [
            0.11518531537880088,
            0.0221937216028256,
            -0.5665644134635142
        ],
        [
            -0.04448196646687986,
            0.03175505614277045,
            0.9727676044993441
        ],
        [
            -0.006076876042765896,
            0.11603685464214614,
            1.0
        ]
    ],
    "HomographyBtm": [
        [
            0.10185485895499706,
            0.017534037993481705,
            -0.6160915117660153
        ],
        [
            -0.0410656010455238,
            0.03660672284284857,
            0.6008268960364334
        ],
        [
            -0.009537769999262232,
            0.10293318564598541,
            1.0
        ]
    ],
    "HomographySide_1": [
        [
            0.03512583677494298,
            0.023250264596084844,
            0.2534981114389298
        ],
        [
            0.09073444199063758,
            0.037655207691459094,
            0.24992684293788162
        ],
        [
            -0.03902450998930167,
            0.11046605864378091,
            1.0
        ]
    ],
    "HomographySide_2": [
        [
            0.0358307989960013,
            0.002916002459302981,
            -0.6118752550801775
        ],
        [
            0.08957905457989374,
            0.04276283392938272,
            0.5688617073865747
        ],
        [
            -0.03495845823340589,
            0.10679465217786255,
            1.0
        ]
    ],
    "Axis": "z",
    "DMXStartingAddress": 136
}