{
    "Position": [
        9.1,
        1.5,
        -9.2
    ],
    "Rotation": [
        -20.0,
        180.0,
        20.0
    ],
    "PanTiltDirection": [
        0.5,
        -88.1
    ],
    "DataPointsTop": [
        {
            "Target": [
                8.42,
                3.33,
                -0.6
            ],
            "PanTilt": [
                9.461,
                30.014999999999997
            ],
            "PanTiltOffset": [
                169.95175170898438,
                135.2955322265625
            ],
            "Distance": null,
            "HomogTarget": [
                0.16664294884990127,
                0.585665779264303
            ]
        },
        {
            "Target": [
                8.63,
                3.15,
                -7.17
            ],
            "PanTilt": [
                13.960999999999999,
                67.44
            ],
            "PanTiltOffset": [
                -191.00270080566406,
                70.58134460449219
            ],
            "Distance": null,
            "HomogTarget": [
                0.24860513300216383,
                2.4803499910438305
            ]
        },
        {
            "Target": [
                0.19,
                3.15,
                -7.22
            ],
            "PanTilt": [
                -81.80000000000001,
                35.0
            ],
            "PanTiltOffset": [
                185.5288848876953,
                113.38314819335938
            ],
            "Distance": null,
            "HomogTarget": [
                -6.9395192489582636,
                4.909295190101055
            ]
        },
        {
            "Target": [
                0.14,
                3.27,
                -0.47
            ],
            "PanTilt": [
                -41.16999999999999,
                35.59
            ],
            "PanTiltOffset": [
                178.8380889892578,
                120.53524780273438
            ],
            "Distance": null,
            "HomogTarget": [
                -0.8745093698877334,
                0.9507226945705797
            ]
        }
    ],
    "DataPointsBtm": [
        {
            "Target": [
                8.42,
                0.26,
                -0.6
            ],
            "PanTilt": [
                1.3,
                10.9
            ],
            "PanTiltOffset": [
                171.153076171875,
                173.3429718017578
            ],
            "Distance": null,
            "HomogTarget": [
                0.022693174584357753,
                0.19261922571616197
            ]
        },
        {
            "Target": [
                8.15,
                0.26,
                -7.42
            ],
            "PanTilt": [
                -22.639,
                -5.819999999999997
            ],
            "PanTiltOffset": [
                165.64559936523438,
                204.70254516601562
            ],
            "Distance": null,
            "HomogTarget": [
                -0.41705867173317546,
                -0.11043843118305663
            ]
        },
        {
            "Target": [
                0.19,
                0.26,
                -7.22
            ],
            "PanTilt": [
                -76.24000000000001,
                16.14
            ],
            "PanTiltOffset": [
                178.42489624023438,
                150.1693572998047
            ],
            "Distance": null,
            "HomogTarget": [
                -4.083575524591233,
                1.2166702558010347
            ]
        },
        {
            "Target": [
                0.14,
                0.26,
                -0.47
            ],
            "PanTilt": [
                -41.699999999999996,
                21.599999999999998
            ],
            "PanTiltOffset": [
                175.82913208007812,
                147.81028747558594
            ],
            "Distance": null,
            "HomogTarget": [
                -0.8909674999718756,
                0.5302809556106838
            ]
        }
    ],
    "HomographyTop": [
        [
            0.11838350452154399,
            0.022033696581402435,
            -0.8315272678267419
        ],
        [
            -0.043337859139419524,
            0.031138174660869346,
            0.9179371897329651
        ],
        [
            -0.001917054910539054,
            0.11913128779334374,
            1.0
        ]
    ],
    "HomographyBtm": [
        [
            0.10516875250918703,
            0.014120351016896487,
            -0.8549021978093104
        ],
        [
            -0.03764843105767146,
            0.033035139020176046,
            0.524799898968738
        ],
        [
            0.004753190687226613,
            0.10685310597535333,
            1.0
        ]
    ],
    "HomographySide_1": [
        [
            0.03630040803640057,
            0.015261520064493377,
            0.020712243021646353
        ],
        [
            0.09356763723948217,
            0.029354017921064724,
            0.17147670639984325
        ],
        [
            -0.0424664355743804,
            0.10643259342150563,
            1.0
        ]
    ],
    "HomographySide_2": [
        [
            0.036209996218701176,
            0.004674438333402477,
            -0.8448363563300884
        ],
        [
            0.0975405853776413,
            0.0354912913027082,
            0.4898495017609906
        ],
        [
            -0.03552802128854723,
            0.10774475329639203,
            1.0
        ]
    ],
    "Axis": "z",
    "DMXStartingAddress": 190
}