{
    "Position": [
        2.9,
        0.3,
        -9.2
    ],
    "Rotation": [
        -20.0,
        180.0,
        -20.0
    ],
    "PanTiltDirection": [
        0.0,
        -90.0
    ],
    "DataPointsTop": [
        {
            "Target": [
                8.42,
                3.33,
                -0.6
            ],
            "PanTilt": [
                25.2,
                42.525
            ],
            "PanTiltOffset": [
                -179.43576049804688,
                111.09950256347656
            ],
            "Distance": null,
            "HomogTarget": [
                0.47056428121225147,
                1.0136016567718567
            ]
        },
        {
            "Target": [
                8.63,
                3.15,
                -7.17
            ],
            "PanTilt": [
                77.37,
                50.6
            ],
            "PanTiltOffset": [
                -192.08901977539062,
                85.70718383789062
            ],
            "Distance": null,
            "HomogTarget": [
                4.462765441181396,
                5.567786591480597
            ]
        },
        {
            "Target": [
                0.19,
                3.15,
                -7.22
            ],
            "PanTilt": [
                -73.6,
                34.0
            ],
            "PanTiltOffset": [
                192.94854736328125,
                122.56340026855469
            ],
            "Distance": null,
            "HomogTarget": [
                -3.3977085238102935,
                2.3889814991561504
            ]
        },
        {
            "Target": [
                0.14,
                3.27,
                -0.47
            ],
            "PanTilt": [
                -30.6,
                28.400000000000002
            ],
            "PanTiltOffset": [
                188.13772583007812,
                140.5377197265625
            ],
            "Distance": null,
            "HomogTarget": [
                -0.5913983513994712,
                0.6281765802127179
            ]
        }
    ],
    "DataPointsBtm": [
        {
            "Target": [
                8.42,
                0.26,
                -0.6
            ],
            "PanTilt": [
                27.8,
                26.299999999999997
            ],
            "PanTiltOffset": [
                -176.63687133789062,
                143.26806640625
            ],
            "Distance": null,
            "HomogTarget": [
                0.5272401887532007,
                0.558717400983442
            ]
        },
        {
            "Target": [
                8.15,
                0.26,
                -7.42
            ],
            "PanTilt": [
                68.8,
                23.77
            ],
            "PanTiltOffset": [
                -178.58920288085938,
                137.74111938476562
            ],
            "Distance": null,
            "HomogTarget": [
                2.5781539152714794,
                1.217912939506984
            ]
        },
        {
            "Target": [
                0.19,
                0.26,
                -7.22
            ],
            "PanTilt": [
                -50.38,
                -4.98
            ],
            "PanTiltOffset": [
                178.3953399658203,
                201.67886352539062
            ],
            "Distance": null,
            "HomogTarget": [
                -1.2079335992012847,
                -0.13664404149426207
            ]
        },
        {
            "Target": [
                0.14,
                0.26,
                -0.47
            ],
            "PanTilt": [
                -21.9,
                12.199999999999998
            ],
            "PanTiltOffset": [
                185.43663024902344,
                173.95419311523438
            ],
            "Distance": null,
            "HomogTarget": [
                -0.40199742250688425,
                0.2330235017624378
            ]
        }
    ],
    "HomographyTop": [
        [
            0.11860513370314875,
            -0.01265187455974754,
            -0.5805265642251991
        ],
        [
            0.039790415018230885,
            0.03949026558083174,
            0.605664921045824
        ],
        [
            -0.002809337461799104,
            0.11940791376340139,
            1.0
        ]
    ],
    "HomographyBtm": [
        [
            0.11229079220887976,
            -0.023605174743019652,
            -0.40802775025063065
        ],
        [
            0.04448687530360813,
            0.03669093146001853,
            0.2319918602395368
        ],
        [
            0.013620771673348972,
            0.1140654211174908,
            1.0
        ]
    ],
    "HomographySide_1": [
        [
            -0.039689575174266335,
            -0.006037803356071309,
            0.49398320408017127
        ],
        [
            0.0882030066522468,
            0.03911046052041308,
            0.5169120015849137
        ],
        [
            -0.04808551362882068,
            0.10546090502742873,
            1.0
        ]
    ],
    "HomographySide_2": [
        [
            -0.037033102851378175,
            -0.01722976336126939,
            -0.37631089730273326
        ],
        [
            0.09990681956351101,
            0.03683070033931256,
            0.21035584070112492
        ],
        [
            -0.03738549442540558,
            0.10716907905253645,
            1.0
        ]
    ],
    "Axis": "z",
    "DMXStartingAddress": 82
}