{
    "Position": [
        8.1,
        1.1,
        -9.2
    ],
    "Rotation": [
        -20.0,
        180.0,
        20.0
    ],
    "PanTiltDirection": [
        0.0,
        -90.0
    ],
    "DataPointsTop": [
        {
            "Target": [
                8.42,
                3.33,
                -0.6
            ],
            "PanTilt": [
                17.0,
                31.924999999999997
            ],
            "PanTiltOffset": [
                -189.9510498046875,
                135.1661834716797
            ],
            "Distance": null,
            "HomogTarget": [
                0.3057306814586604,
                0.6515190104559496
            ]
        },
        {
            "Target": [
                8.63,
                3.15,
                -7.17
            ],
            "PanTilt": [
                51.470000000000006,
                61.0
            ],
            "PanTiltOffset": [
                -200.89845275878906,
                82.49269104003906
            ],
            "Distance": null,
            "HomogTarget": [
                1.2558220502872557,
                2.896094575030934
            ]
        },
        {
            "Target": [
                0.19,
                3.15,
                -7.22
            ],
            "PanTilt": [
                -80.5,
                40.6
            ],
            "PanTiltOffset": [
                186.88992309570312,
                105.97207641601562
            ],
            "Distance": null,
            "HomogTarget": [
                -5.975764364433067,
                5.193069336603462
            ]
        },
        {
            "Target": [
                0.14,
                3.27,
                -0.47
            ],
            "PanTilt": [
                -36.6,
                39.6
            ],
            "PanTiltOffset": [
                178.939208984375,
                117.04598236083984
            ],
            "Distance": null,
            "HomogTarget": [
                -0.7426655415338108,
                1.0304608102552073
            ]
        }
    ],
    "DataPointsBtm": [
        {
            "Target": [
                8.42,
                0.26,
                -0.6
            ],
            "PanTilt": [
                8.4,
                13.399999999999997
            ],
            "PanTiltOffset": [
                -188.31069946289062,
                172.5663299560547
            ],
            "Distance": null,
            "HomogTarget": [
                0.14766715260789268,
                0.24081700883573842
            ]
        },
        {
            "Target": [
                8.15,
                0.26,
                -7.42
            ],
            "PanTilt": [
                2.88,
                -3.650000000000002
            ],
            "PanTiltOffset": [
                169.43113708496094,
                207.829345703125
            ],
            "Distance": null,
            "HomogTarget": [
                0.050307859188983596,
                -0.06387150692093113
            ]
        },
        {
            "Target": [
                0.19,
                0.26,
                -7.22
            ],
            "PanTilt": [
                -73.88,
                19.990000000000002
            ],
            "PanTiltOffset": [
                178.2644805908203,
                146.49246215820312
            ],
            "Distance": null,
            "HomogTarget": [
                -3.460047737934954,
                1.310183963884314
            ]
        },
        {
            "Target": [
                0.14,
                0.26,
                -0.47
            ],
            "PanTilt": [
                -37.6,
                25.099999999999998
            ],
            "PanTiltOffset": [
                175.93988037109375,
                145.50634765625
            ],
            "Distance": null,
            "HomogTarget": [
                -0.7701036723355653,
                0.5912411370799897
            ]
        }
    ],
    "HomographyTop": [
        [
            0.11831222800314953,
            0.02261266257949313,
            -0.7068137381581271
        ],
        [
            -0.04592132355048307,
            0.034607829514945725,
            0.9951745732532914
        ],
        [
            -0.0031601477376316744,
            0.11877567336544764,
            1.0
        ]
    ],
    "HomographyBtm": [
        [
            0.10532868112421959,
            0.014508932461549292,
            -0.7398459542238823
        ],
        [
            -0.040046817383775746,
            0.036693903215696246,
            0.584777914332417
        ],
        [
            -3.1947018038871408e-06,
            0.1054961873298872,
            1.0
        ]
    ],
    "HomographySide_1": [
        [
            0.021293331579988205,
            0.01783623295045156,
            0.1413131597242119
        ],
        [
            0.0675599152728478,
            0.03525603309552337,
            0.225618993161314
        ],
        [
            -0.08562016928756361,
            0.0929140762789575,
            1.0
        ]
    ],
    "HomographySide_2": [
        [
            0.037099959594083506,
            0.006102746840978264,
            -0.7306431102235903
        ],
        [
            0.09757080008568189,
            0.03941397194536165,
            0.5488982003834986
        ],
        [
            -0.03841784632045554,
            0.10649572414140396,
            1.0
        ]
    ],
    "Axis": "z",
    "DMXStartingAddress": 163
}