{
    "Position": [
        6.0,
        3.5,
        1.0
    ],
    "Rotation": [
        180.0,
        0.0,
        0.0
    ],
    "PanTiltDirection": [
        0.0,
        90.0
    ],
    "DataPointsTop": [
        {
            "Target": [
                8.42,
                3.33,
                -0.6
            ],
            "PanTilt": [
                61.95899353027344,
                -16.293450927734376
            ],
            "PanTiltOffset": [
                61.51197052001953,
                19.647056579589844
            ],
            "Distance": 2.9060800075531006,
            "HomogTarget": [
                1.877483613851821,
                -0.6217704708149678
            ]
        },
        {
            "Target": [
                8.15,
                3.2800000000000002,
                -7.42
            ],
            "PanTilt": [
                17.21385681152344,
                -6.505166931152343
            ],
            "PanTiltOffset": [
                148.46206665039062,
                7.955352783203125
            ],
            "Distance": null,
            "HomogTarget": [
                0.30981675065778386,
                -0.11937410589787034
            ]
        },
        {
            "Target": [
                0.475,
                3.15,
                -7.28
            ],
            "PanTilt": [
                -33.98800000000001,
                -6.547700000000001
            ],
            "PanTiltOffset": [
                0.27398681640625,
                4.533927917480469
            ],
            "Distance": null,
            "HomogTarget": [
                -0.6742038334061206,
                -0.138428958720011
            ]
        },
        {
            "Target": [
                0.14,
                3.27,
                -0.47
            ],
            "PanTilt": [
                -74.67799999999998,
                -8.667699999999996
            ],
            "PanTiltOffset": [
                -29.40424346923828,
                10.847877502441406
            ],
            "Distance": 6.04594087600708,
            "HomogTarget": [
                -4.004230328656051,
                -0.8245256015117637
            ]
        }
    ],
    "DataPointsBtm": [
        {
            "Target": [
                8.42,
                0.26,
                -0.6
            ],
            "PanTilt": [
                62.659001159667966,
                -53.78598175048828
            ],
            "PanTiltOffset": [
                60.81196212768555,
                101.94464111328125
            ],
            "Distance": null,
            "HomogTarget": [
                1.9340675858353764,
                -2.973370909345106
            ]
        },
        {
            "Target": [
                8.15,
                0.26,
                -7.42
            ],
            "PanTilt": [
                17.343856811523438,
                -25.578924865722655
            ],
            "PanTiltOffset": [
                148.33206176757812,
                46.026161193847656
            ],
            "Distance": null,
            "HomogTarget": [
                0.31230521850515147,
                -0.50146782291617
            ]
        },
        {
            "Target": [
                0.475,
                0.4,
                -7.28
            ],
            "PanTilt": [
                -33.95801,
                -21.36772
            ],
            "PanTiltOffset": [
                0.24399948120117188,
                4.069587707519531
            ],
            "Distance": null,
            "HomogTarget": [
                -0.673442754761563,
                -0.4716948307129817
            ]
        },
        {
            "Target": [
                0.14,
                0.26,
                -0.47
            ],
            "PanTilt": [
                -74.97799999999998,
                -34.39769999999999
            ],
            "PanTiltOffset": [
                -29.104248046875,
                62.601688385009766
            ],
            "Distance": 6.85551643371582,
            "HomogTarget": [
                -4.064532835980938,
                -2.887301272730146
            ]
        }
    ],
    "HomographyTop": [
        [
            1.0819709901803554,
            0.013591443733518583,
            -6.072207689552259
        ],
        [
            0.018584512507002323,
            0.0015720390088324711,
            -1.1589350260221047
        ],
        [
            0.0005522623430727917,
            -1.0152056875453523,
            1.0
        ]
    ],
    "HomographyBtm": [
        [
            1.0429995355484163,
            -0.011659962074697773,
            -6.054986109287177
        ],
        [
            -0.030443944595181422,
            -0.018981254375988358,
            -3.9583123321183122
        ],
        [
            -0.020755841609001183,
            -0.9806655979304523,
            1.0
        ]
    ],
    "HomographySide_1": [
        [
            -0.004132947139285135,
            0.0142226664864216,
            3.4874589507207086
        ],
        [
            1.3678064501841365,
            0.012008199235314744,
            -5.695156108984194
        ],
        [
            0.015451673412433765,
            -1.3236465295824014,
            1.0
        ]
    ],
    "HomographySide_2": [
        [
            -0.009190961389844274,
            0.01578311398312877,
            -5.7498599551628296
        ],
        [
            1.0546469124235842,
            0.002743989129094152,
            -4.512271190761068
        ],
        [
            0.010055467976774743,
            -1.0590744861544417,
            1.0
        ]
    ],
    "Axis": "z",
    "DMXStartingAddress": 94
}