{"Position": [6.1, 4.8, -8.0], "Rotation": [200.0, 0.0, -20.0], "PanTiltDirection": [0.0, -90.0], "DataPointsTop": [{"Target": [8.5, 3.15, -0.2], "PanTilt": [-17.2, -21.400000000000002], "PanTiltOffset": [175.5954132080078, 224.51126098632812], "Distance": 8.326013565063477, "HomogTarget": [-1.3543675698586155, -2.117651684778353]}], "DataPointsBtm": [{"Target": [8.5, 0.4, -0.2], "PanTilt": [-20.4, -4.4], "PanTiltOffset": [176.31517028808594, 190.77938842773438], "Distance": 9.271461486816406, "HomogTarget": [-0.6200580972120902, -1.212700575565805]}], "HomographyTop": [[0.2487427092136268, 1.5175131254809147e-08, -1.3543676137924199], [-1.1620485520693746e-08, -0.26470646227624617, -2.1176517009735116], [-0.09053494022675757, -1.1204588169966904e-08, 1.0]], "HomographyBtm": [[0.14244572612685505, -2.0624398743221235e-09, -0.6200581192970276], [1.4112415528720435e-08, -0.15158756188776554, -1.212700605392456], [-0.05184600041018124, -7.354631354390635e-09, 1.0]], "HomographySide_1": [[0.14244571549525145, -0.05184600882011177, -0.620058119297028], [3.358954287662939e-08, -1.7760212699248005e-08, -1.2127006053924583], [-0.051846008976869355, -0.14244568514019493, 1.0]], "HomographySide_2": [[0.14244576727934838, -0.05184592209477708, -0.6200580596923833], [2.5695531270208e-08, 2.0401277177379973e-08, 0.15158744156360618], [-0.0518459562212883, -0.14244576384375246, 0.9999999999999999]], "Axis": "y", "DMXStartingAddress": 109}