{
    "Position": [
        9.1,
        1.5,
        -9.2
    ],
    "Rotation": [
        0.0,
        180.0,
        20.0
    ],
    "PanTiltDirection": [
        0.0,
        -90.0
    ],
    "DataPointsTop": [
        {
            "Target": [
                8.5,
                3.15,
                -0.2
            ],
            "PanTilt": [
                3.961,
                10.590000000000003
            ],
            "PanTiltOffset": [
                -183.95770263671875,
                158.3714599609375
            ],
            "Distance": 9.16965103149414,
            "HomogTarget": [
                -0.873714410772257,
                -0.49151329096916113
            ]
        },
        {
            "Target": [
                8.63,
                3.15,
                -7.17
            ],
            "PanTilt": [
                17.261,
                41.54
            ],
            "PanTiltOffset": [
                -193.80270385742188,
                98.38134765625
            ],
            "Distance": 2.657874822616577,
            "HomogTarget": [
                0.045550062938344175,
                -0.15692838150720473
            ]
        },
        {
            "Target": [
                0.475,
                3.15,
                -7.28
            ],
            "PanTilt": [
                -74.2,
                30.7
            ],
            "PanTiltOffset": [
                178.48533630371094,
                119.25591278076172
            ],
            "Distance": 8.988856315612793,
            "HomogTarget": [
                2.0953048631016107,
                -7.218712813600473
            ]
        }
    ],
    "DataPointsBtm": [
        {
            "Target": [
                8.5,
                0.4,
                -0.2
            ],
            "PanTilt": [
                -1.5,
                -5.7
            ],
            "PanTiltOffset": [
                175.5371551513672,
                190.9309539794922
            ],
            "Distance": 9.086803436279297,
            "HomogTarget": [
                -0.9852428580491359,
                -0.185091828937675
            ]
        },
        {
            "Target": [
                8.63,
                0.4,
                -7.17
            ],
            "PanTilt": [
                -9.739,
                -24.509999999999998
            ],
            "PanTiltOffset": [
                167.79470825195312,
                226.254638671875
            ],
            "Distance": 2.3562257289886475,
            "HomogTarget": [
                -0.06597824007335513,
                0.149493133796184
            ]
        },
        {
            "Target": [
                0.475,
                0.4,
                -7.28
            ],
            "PanTilt": [
                -75.9,
                12.200000000000001
            ],
            "PanTiltOffset": [
                178.65597534179688,
                155.37240600585938
            ],
            "Distance": 8.904326438903809,
            "HomogTarget": [
                -3.0350017441543193,
                6.876688166039946
            ]
        }
    ],
    "HomographyTop": [
        [
            0.10214049482732729,
            -6.95069747826638e-10,
            -0.8737143874168382
        ],
        [
            0.0371760996812421,
            3.4947591865538042e-09,
            -0.4915132820606235
        ],
        [
            6.773152334434203e-09,
            0.1086956608386591,
            1.0
        ]
    ],
    "HomographyBtm": [
        [
            0.1021405114027274,
            6.4667592283652394e-09,
            -0.9852428436279298
        ],
        [
            0.03717610684583855,
            -8.846712487343927e-09,
            -0.18509182333946234
        ],
        [
            7.58993696365247e-09,
            0.10869565975697917,
            1.0
        ]
    ],
    "HomographySide_1": [
        [
            0.10214051164483315,
            0.03717610374729107,
            -0.9852428436279302
        ],
        [
            0.03717610629727664,
            -0.10214051342482185,
            -0.18509182333946242
        ],
        [
            3.920457038863999e-09,
            5.5307630161191676e-08,
            1.0
        ]
    ],
    "HomographySide_2": [
        [
            4.69847834179153,
            1.710107080158757,
            -45.32131576538086
        ],
        [
            1.7101061319865365,
            -4.698480098724398,
            -8.514246940612791
        ],
        [
            3.2709101924809223e-07,
            -9.273950999243006e-08,
            1.0
        ]
    ],
    "Axis": "z",
    "DMXStartingAddress": 190
}