{"Position": [8.1, 4.0, -8.0], "Rotation": [210.0, 0.0, -20.0], "PanTiltDirection": [0.0, -90.0], "DataPointsTop": [{"Target": [8.5, 3.15, -0.2], "PanTilt": [-2.499999999999998, -22.0], "PanTiltOffset": [177.12586975097656, 227.0523681640625], "Distance": 7.856367111206055, "HomogTarget": [-1.9594021331367675, -2.156302059258403]}], "DataPointsBtm": [{"Target": [8.5, 0.4, -0.2], "PanTilt": [-7.799999999999997, -4.2], "PanTiltOffset": [176.94094848632812, 191.47348022460938], "Distance": 8.600000381469727, "HomogTarget": [-0.9562418236487329, -1.2252774982921586]}], "HomographyTop": [[0.25328262892431996, -3.0560634805292894e-10, -1.959402084350587], [8.386302685054728e-09, -0.2695377405742608, -2.156301975250245], [-0.09218733907920475, -1.3363949361170408e-08, 1.0]], "HomographyBtm": [[0.1439230348515657, -3.787241508934064e-09, -0.9562418460845951], [7.929049078581743e-09, -0.1531596888364159, -1.2252775430679321], [-0.05238369641263663, -1.6816850794798585e-08, 1.0]], "HomographySide_1": [[0.14392303106906454, -0.052383699406969624, -0.9562418460845951], [2.1597835411799827e-08, -5.654848885802038e-09, -1.2252775430679321], [-0.05238370230892744, -0.1439230104601831, 1.0]], "HomographySide_2": [[0.14392301191250068, -0.05238369455740445, -0.9562416672706602], [7.406834163034754e-09, 9.861882280092232e-10, 0.15315963327884669], [-0.052383690286413265, -0.14392302030771373, 1.0]], "Axis": "y", "DMXStartingAddress": 163}