{"Position": [7.1, 4.4, -8.0], "Rotation": [210.0, 0.0, -20.0], "PanTiltDirection": [0.0, -90.0], "DataPointsTop": [{"Target": [8.5, 3.15, -0.2], "PanTilt": [-9.7, -21.82], "PanTiltOffset": [175.91172790527344, 226.0886993408203], "Distance": 8.022624015808105, "HomogTarget": [-1.6541492739384205, -2.1368023652930708]}], "DataPointsBtm": [{"Target": [8.5, 0.4, -0.2], "PanTilt": [-14.099999999999998, -4.2], "PanTiltOffset": [176.37229919433594, 191.05474853515625], "Distance": 8.876935958862305, "HomogTarget": [-0.7872826744862989, -1.2189565449968354]}], "HomographyTop": [[0.25099218225941694, -7.033390116240034e-09, -1.6541492938995386], [7.482247877949142e-09, -0.2671003041956587, -2.1368024349212633], [-0.09135366636767152, -1.1762883794500922e-08, 1.0]], "HomographyBtm": [[0.14318055370545052, 3.197872523731542e-09, -0.7872826457023616], [-2.5486740950337773e-09, -0.15236957598694542, -1.218956589698792], [-0.05211345750228558, -4.061911600921076e-09, 1.0]], "HomographySide_1": [[0.14318056277473667, -0.05211347440611773, -0.7872826457023624], [-2.4599606874822793e-08, 2.233308690959049e-08, -1.2189565896987913], [-0.052113447896874214, -0.143180591900869, 1.0]], "HomographySide_2": [[0.14318054576473088, -0.052113480950585045, -0.7872826457023605], [-3.3712235787357186e-09, -5.048401068410574e-09, 0.15236958861350958], [-0.05211345846359199, -0.14318056053706132, 0.9999999999999999]], "Axis": "y", "DMXStartingAddress": 136}