{
    "Position": [
        7.1,
        0.7,
        -9.2
    ],
    "Rotation": [
        0.0,
        0.0,
        20.0
    ],
    "PanTiltDirection": [
        0.0,
        -90.0
    ],
    "DataPointsTop": [
        {
            "Target": [
                8.5,
                3.15,
                -0.2
            ],
            "PanTilt": [
                11.799999999999999,
                11.55
            ],
            "PanTiltOffset": [
                1.6567153930664062,
                157.30323791503906
            ],
            "Distance": 9.43199348449707,
            "HomogTarget": 0
        }
    ],
    "DataPointsBtm": [
        {
            "Target": [
                8.5,
                0.4,
                -0.2
            ],
            "PanTilt": [
                6.319999999999999,
                -4.199999999999999
            ],
            "PanTiltOffset": [
                1.3557157516479492,
                188.98841857910156
            ],
            "Distance": 9.113177299499512,
            "HomogTarget": 0
        }
    ],
    "HomographyTop": [
        [
            0.10214051267648458,
            -2.368229786095327e-09,
            -0.6396926045417782
        ],
        [
            0.03717610408774603,
            -5.710128763718816e-09,
            -0.49887356162071356
        ],
        [
            -1.96211916529572e-10,
            0.10869565394727504,
            1.0
        ]
    ],
    "HomographyBtm": [
        [
            0.10214050272040791,
            -3.763247066114748e-09,
            -0.7512208223342847
        ],
        [
            0.037176110613271,
            1.1364216112707198e-09,
            -0.19245198369026356
        ],
        [
            -4.5716525754259986e-10,
            0.10869565323273966,
            1.0
        ]
    ],
    "HomographySide_1": [
        [
            0.10214049783920452,
            0.03717608646669258,
            -0.75122082233429
        ],
        [
            0.03717610648469996,
            -0.10214051516072865,
            -0.19245198369026184
        ],
        [
            -2.950439811742086e-08,
            -2.1681021062358934e-08,
            1.0
        ]
    ],
    "HomographySide_2": [
        [
            4.698465029787723,
            1.7101003157397103,
            -34.556171417236314
        ],
        [
            1.7101017067885165,
            -4.698464982831153,
            -8.852795600891115
        ],
        [
            -4.1073949204811304e-08,
            -1.1284977225342783e-07,
            1.0
        ]
    ],
    "Axis": "z",
    "DMXStartingAddress": 136
}