{
    "Position": [
        7.1,
        0.7,
        -9.2
    ],
    "Rotation": [
        0.0,
        180.0,
        20.0
    ],
    "PanTiltDirection": [
        0.0,
        -90.0
    ],
    "DataPointsTop": [
        {
            "Target": [
                8.42,
                3.33,
                -0.6
            ],
            "PanTilt": [
                23.919999999999998,
                31.055
            ],
            "PanTiltOffset": [
                -189.9470672607422,
                136.10519409179688
            ],
            "Distance": null,
            "HomogTarget": [
                0.44355668091830985,
                0.6587459267707683
            ]
        },
        {
            "Target": [
                8.63,
                3.15,
                -7.17
            ],
            "PanTilt": [
                66.7,
                51.03000000000001
            ],
            "PanTiltOffset": [
                -198.4342803955078,
                98.712646484375
            ],
            "Distance": null,
            "HomogTarget": [
                2.321974021678793,
                3.1253549231516087
            ]
        },
        {
            "Target": [
                0.475,
                3.15,
                -7.28
            ],
            "PanTilt": [
                -73.0,
                38.300000000000004
            ],
            "PanTiltOffset": [
                2.6150283813476562,
                103.08543395996094
            ],
            "Distance": null,
            "HomogTarget": [
                -3.2708526184841404,
                2.701193034782273
            ]
        },
        {
            "Target": [
                0.14,
                3.27,
                -0.47
            ],
            "PanTilt": [
                -30.7,
                40.9
            ],
            "PanTiltOffset": [
                177.73721313476562,
                114.35578918457031
            ],
            "Distance": 11.456849098205566,
            "HomogTarget": [
                -0.6494075931975106,
                0.52838268154261
            ]
        }
    ],
    "DataPointsBtm": [
        {
            "Target": [
                8.42,
                0.26,
                -0.6
            ],
            "PanTilt": [
                15.07,
                14.700000000000001
            ],
            "PanTiltOffset": [
                -187.84722900390625,
                170.9978485107422
            ],
            "Distance": null,
            "HomogTarget": [
                0.26925906866421945,
                0.2716887648149888
            ]
        },
        {
            "Target": [
                8.15,
                0.26,
                -7.42
            ],
            "PanTilt": [
                27.900000000000006,
                -1.7499999999999987
            ],
            "PanTiltOffset": [
                -182.73733520507812,
                203.19732666015625
            ],
            "Distance": null,
            "HomogTarget": [
                0.5294727451820148,
                -0.03457111507665512
            ]
        },
        {
            "Target": [
                0.475,
                0.4,
                -7.28
            ],
            "PanTilt": [
                -75.2,
                16.1
            ],
            "PanTiltOffset": [
                2.0783157348632812,
                147.1999969482422
            ],
            "Distance": null,
            "HomogTarget": [
                -3.7848480883659166,
                1.1299274299697077
            ]
        },
        {
            "Target": [
                0.14,
                0.26,
                -0.47
            ],
            "PanTilt": [
                -32.7,
                27.1
            ],
            "PanTiltOffset": [
                175.2331085205078,
                142.7607879638672
            ],
            "Distance": 11.173543930053711,
            "HomogTarget": [
                -0.7562940600292124,
                0.23011289214125658
            ]
        }
    ],
    "HomographyTop": [
        [
            0.1296643685526503,
            -0.001962077801814805,
            -0.6800923731232138
        ],
        [
            0.013564004916899214,
            0.0009585918035997798,
            0.4995214949267091
        ],
        [
            -0.00024049349389726466,
            0.11197222491182915,
            1.0
        ]
    ],
    "HomographyBtm": [
        [
            0.07611543488001782,
            0.05321732380150084,
            -0.692532774916827
        ],
        [
            -0.03690840212990057,
            -0.015374823808133788,
            0.2172185355897191
        ],
        [
            -0.14923143898423694,
            0.08974329192686598,
            0.9999999999999999
        ]
    ],
    "HomographySide_1": [
        [
            0.03512583677494298,
            0.023250264596084844,
            0.2534981114389298
        ],
        [
            0.09073444199063758,
            0.037655207691459094,
            0.24992684293788162
        ],
        [
            -0.03902450998930167,
            0.11046605864378091,
            1.0
        ]
    ],
    "HomographySide_2": [
        [
            0.037788011981376025,
            -0.0032179664912076376,
            -0.7393724707238134
        ],
        [
            0.10317375903353324,
            0.0015613470004789715,
            0.17932282352445833
        ],
        [
            -0.0009718724008924137,
            0.11187415177140043,
            1.0
        ]
    ],
    "Axis": "z",
    "DMXStartingAddress": 136
}