{"Position": [1.9, 0.7, -9.2], "Rotation": [0.0, 0.0, -20.0], "PanTiltDirection": [0.0, -90.0], "DataPointsTop": [{"Target": [8.5, 3.15, -0.2], "PanTilt": [-29.299999999999997, 25.200000000000003], "PanTiltOffset": [60.09504318237305, 131.28187561035156], "Distance": 11.42639446258545, "HomogTarget": [-0.2795719969442113, -0.16428862151789378]}], "DataPointsBtm": [{"Target": [8.5, 0.4, -0.2], "PanTilt": [-32.8, 11.8], "PanTiltOffset": [67.81156921386719, 158.00869750976562], "Distance": 11.164676666259766, "HomogTarget": [-0.16804368727522595, 0.1421330058416327]}], "HomographyTop": [[0.10214051285685513, 2.368229186825218e-09, -0.2795720100402807], [-0.03717610415339612, -5.7101289749531035e-09, -0.164288625121115], [1.9621202798210069e-10, 0.10869565413922162, 1.0]], "HomographyBtm": [[0.10214050136073481, 6.138312959917168e-09, -0.16804368793963756], [-0.037176110734402384, 5.279635789753097e-10, 0.14213301241398102], [2.917761203131452e-10, 0.10869565358690347, 1.0]], "HomographySide_1": [[0.10214052461043029, -0.03717609997157018, -0.16804368793964364], [-0.03717611669063943, -0.10214054149922745, 0.1421330124139786], [3.124098996698616e-08, -2.6452253053400863e-08, 1.0]], "HomographySide_2": [[4.6984667666489885, -1.7101009479051048, -7.730016708374012], [-1.7101023389544248, -4.698466719692402, 6.538122177124012], [4.10739643393797e-08, -1.1284981389918844e-07, 1.0]], "Axis": "z", "DMXStartingAddress": 55}