{
    "Position": [
        1.9,
        0.7,
        -9.2
    ],
    "Rotation": [
        0.0,
        180.0,
        -20.0
    ],
    "PanTiltDirection": [
        0.0,
        -90.0
    ],
    "DataPointsTop": [
        {
            "Target": [
                8.42,
                3.33,
                -0.6
            ],
            "PanTilt": [
                30.5,
                41.425
            ],
            "PanTiltOffset": [
                -179.20777893066406,
                113.53556823730469
            ],
            "Distance": null,
            "HomogTarget": [
                0.589045016420551,
                1.0240999301505733
            ]
        },
        {
            "Target": [
                8.63,
                3.15,
                -7.17
            ],
            "PanTilt": [
                79.52000000000001,
                45.66
            ],
            "PanTiltOffset": [
                -189.82550048828125,
                96.13530731201172
            ],
            "Distance": null,
            "HomogTarget": [
                5.406047941504886,
                5.625900051277046
            ]
        },
        {
            "Target": [
                0.19,
                3.15,
                -7.22
            ],
            "PanTilt": [
                -68.39999999999999,
                40.99
            ],
            "PanTiltOffset": [
                197.40310668945312,
                110.38029479980469
            ],
            "Distance": 3.584271192550659,
            "HomogTarget": [
                -1.3079457044214076,
                1.0893330824556051
            ]
        },
        {
            "Target": [
                0.14,
                3.27,
                -0.47
            ],
            "PanTilt": [
                -25.339999999999996,
                29.7
            ],
            "PanTiltOffset": [
                189.16087341308594,
                139.02005004882812
            ],
            "Distance": 9.269055366516113,
            "HomogTarget": [
                -0.28939161454658346,
                0.2576293599572907
            ]
        }
    ],
    "DataPointsBtm": [
        {
            "Target": [
                8.42,
                0.26,
                -0.6
            ],
            "PanTilt": [
                32.5,
                25.600000000000005
            ],
            "PanTiltOffset": [
                -176.37367248535156,
                144.71810913085938
            ],
            "Distance": null,
            "HomogTarget": [
                0.6370702608074932,
                0.5680870060754036
            ]
        },
        {
            "Target": [
                8.15,
                0.26,
                -7.42
            ],
            "PanTilt": [
                71.712,
                21.3
            ],
            "PanTiltOffset": [
                -178.17471313476562,
                143.35031127929688
            ],
            "Distance": null,
            "HomogTarget": [
                3.0258463320168407,
                1.2424845682555596
            ]
        },
        {
            "Target": [
                0.19,
                0.26,
                -7.22
            ],
            "PanTilt": [
                -35.1,
                -17.1
            ],
            "PanTiltOffset": [
                178.76370239257812,
                219.205078125
            ],
            "Distance": 2.6529417037963867,
            "HomogTarget": [
                -0.7028117712403574,
                -0.376019404648992
            ]
        },
        {
            "Target": [
                0.14,
                0.26,
                -0.47
            ],
            "PanTilt": [
                -16.54,
                12.399999999999997
            ],
            "PanTiltOffset": [
                186.76907348632812,
                174.1390838623047
            ],
            "Distance": 8.91650676727295,
            "HomogTarget": [
                -0.18245207994991838,
                -0.03372104740257307
            ]
        }
    ],
    "HomographyTop": [
        [
            0.1096571204302998,
            -0.03247904843644237,
            -0.338041404670824
        ],
        [
            0.1018817169039029,
            0.03005053248057794,
            0.2116061967927768
        ],
        [
            0.012644906956674555,
            0.1329883930862982,
            1.0
        ]
    ],
    "HomographyBtm": [
        [
            0.046591049392516626,
            0.035881265897292514,
            -0.17931223460009896
        ],
        [
            0.0261541300977809,
            0.027961275665015325,
            -0.032716572180873364
        ],
        [
            -0.07948141865374975,
            0.050402122408618494,
            1.0
        ]
    ],
    "HomographySide_1": [
        [
            -0.04309741003901911,
            -0.005286128612518939,
            0.596824572602134
        ],
        [
            0.08748969239184626,
            0.03936368044294027,
            0.5259063389783919
        ],
        [
            -0.04862025102665639,
            0.10523679932056547,
            1.0
        ]
    ],
    "HomographySide_2": [
        [
            -0.03512989527235702,
            -0.004822780751494812,
            -0.16199172372557144
        ],
        [
            0.09936021457646647,
            0.006271933489755642,
            -0.06948704361875889
        ],
        [
            -0.0068780798729664895,
            0.10943958518408126,
            1.0
        ]
    ],
    "Axis": "z",
    "DMXStartingAddress": 55
}