{"Position": [8.1, 1.1, -9.2], "Rotation": [0.0, 0.0, 20.0], "PanTiltDirection": [0.0, -90.0], "DataPointsTop": [{"Target": [8.5, 3.15, -0.2], "PanTilt": [-9.0, 9.550000000000002], "PanTiltOffset": [15.824058532714844, 159.28163146972656], "Distance": 9.23918342590332, "HomogTarget": [-0.7567035324462081, -0.495193378608758]}], "DataPointsBtm": [{"Target": [8.5, 0.4, -0.2], "PanTilt": [-3.3000000000000007, -6.700000000000001], "PanTiltOffset": [4.1686811447143555, 191.744873046875], "Distance": 9.036039352416992, "HomogTarget": [-0.8682318882287672, -0.18877187232139153]}], "HomographyTop": [[0.10214050536489784, -3.3256029722709362e-09, -0.7567035555839505], [0.03717610313459615, 2.9069041721914286e-09, -0.4951933920383423], [-4.5749178838418844e-09, 0.10869564944859669, 1.0]], "HomographyBtm": [[0.10214051009310063, -2.2779762535699267e-09, -0.8682318925857488], [0.03717610692482833, -3.453935327484275e-09, -0.1887718737125396], [-3.031630304357815e-09, 0.10869565039968895, 1.0]], "HomographySide_1": [[0.10214050973890414, 0.03717609936568681, -0.868231892585754], [0.03717610591280009, -0.10214051459513539, -0.18877187371253967], [-9.972216148849281e-09, 1.7137816532205457e-08, 1.0]], "HomographySide_2": [[4.698459893583686, 1.7101001844872996, -39.93863677978518], [1.7100993208551651, -4.698460623433143, -8.68349838256836], [-1.9037912609913726e-07, 1.27554063812992e-07, 1.0]], "Axis": "z", "DMXStartingAddress": 163}