{
    "Position": [
        1.701,
        4.128,
        -8.163
    ],
    "Rotation": [
        200.0,
        0.0,
        20.0
    ],
    "PanTiltDirection": [
        0.0,
        -90.0
    ],
    "DataPointsTop": [
        {
            "Target": [
                8.42,
                3.33,
                -0.6
            ],
            "PanTilt": [
                -42.199999999999996,
                4.650000000000001
            ],
            "PanTiltOffset": [
                186.64599609375,
                172.4068145751953
            ],
            "Distance": null,
            "HomogTarget": [
                -0.9067446296769209,
                0.10979476334622136
            ]
        },
        {
            "Target": [
                8.63,
                3.15,
                -7.17
            ],
            "PanTilt": [
                -80.42000000000002,
                25.766999999999996
            ],
            "PanTiltOffset": [
                188.88478088378906,
                128.60031127929688
            ],
            "Distance": null,
            "HomogTarget": [
                -5.924931969734144,
                2.9004645226943144
            ]
        },
        {
            "Target": [
                0.19,
                3.15,
                -7.22
            ],
            "PanTilt": [
                56.9,
                -2.5999999999999988
            ],
            "PanTiltOffset": [
                -171.57562255859375,
                175.28445434570312
            ],
            "Distance": null,
            "HomogTarget": [
                1.5339969024544566,
                -0.08315248346145192
            ]
        },
        {
            "Target": [
                0.14,
                3.27,
                -0.47
            ],
            "PanTilt": [
                7.67,
                -15.499999999999996
            ],
            "PanTiltOffset": [
                -171.91725158691406,
                211.41705322265625
            ],
            "Distance": null,
            "HomogTarget": [
                0.13467217193170278,
                -0.2798281048674298
            ]
        }
    ],
    "DataPointsBtm": [
        {
            "Target": [
                8.42,
                0.26,
                -0.6
            ],
            "PanTilt": [
                -34.080000000000005,
                19.52
            ],
            "PanTiltOffset": [
                186.5736846923828,
                142.95852661132812
            ],
            "Distance": null,
            "HomogTarget": [
                -0.6765419430547832,
                0.42802161000169386
            ]
        },
        {
            "Target": [
                8.15,
                0.26,
                -7.42
            ],
            "PanTilt": [
                -67.62,
                47.36699999999999
            ],
            "PanTiltOffset": [
                187.9408416748047,
                86.00210571289062
            ],
            "Distance": null,
            "HomogTarget": [
                -2.428587687853448,
                2.852901591986969
            ]
        },
        {
            "Target": [
                0.19,
                0.26,
                -7.22
            ],
            "PanTilt": [
                52.9,
                37.5
            ],
            "PanTiltOffset": [
                -174.552734375,
                103.85506439208984
            ],
            "Distance": null,
            "HomogTarget": [
                1.3222370144773767,
                1.2720769677588895
            ]
        },
        {
            "Target": [
                0.14,
                0.26,
                -0.47
            ],
            "PanTilt": [
                13.500000000000002,
                3.8000000000000003
            ],
            "PanTiltOffset": [
                -172.9770050048828,
                172.83633422851562
            ],
            "Distance": null,
            "HomogTarget": [
                0.24007875908011606,
                0.06830726179575611
            ]
        }
    ],
    "HomographyTop": [
        [
            -0.11286017861416989,
            -0.017628104769583444,
            0.13470912841263635
        ],
        [
            0.04311189479574663,
            -0.03690296419020397,
            -0.2876694985070518
        ],
        [
            -0.005014253996759679,
            0.11665386021454197,
            1.0
        ]
    ],
    "HomographyBtm": [
        [
            -0.10501861709751865,
            -0.01204391907911704,
            0.23712287416783748
        ],
        [
            0.04053195883536368,
            -0.033432436906950753,
            0.04350590718775705
        ],
        [
            0.0011706876356028049,
            0.10667776181107717,
            1.0
        ]
    ],
    "HomographySide_1": [
        [
            -0.02771896935711494,
            -0.018976422778344288,
            -0.6297700418426176
        ],
        [
            -0.10088993188730172,
            -0.027430240592018866,
            0.40556026494735997
        ],
        [
            -0.0458988065901127,
            0.10562824618651101,
            1.0
        ]
    ],
    "HomographySide_2": [
        [
            -0.03763995639762252,
            -0.009120285092752143,
            0.23130910484040335
        ],
        [
            -0.0990139579105636,
            -0.031440332632911114,
            0.07521396564611232
        ],
        [
            -0.034918563647471416,
            0.10714461013228505,
            0.9999999999999999
        ]
    ],
    "Axis": "z",
    "DMXStartingAddress": 55
}