{
    "Position": [
        2.9,
        0.3,
        -9.2
    ],
    "Rotation": [
        0.0,
        180.0,
        -20.0
    ],
    "PanTiltDirection": [
        0.0,
        -90.0
    ],
    "DataPointsTop": [
        {
            "Target": [
                8.42,
                3.33,
                -0.6
            ],
            "PanTilt": [
                25.2,
                42.525
            ],
            "PanTiltOffset": [
                -179.43576049804688,
                111.09950256347656
            ],
            "Distance": null,
            "HomogTarget": [
                0.47056428121225147,
                1.0136016567718567
            ]
        },
        {
            "Target": [
                8.63,
                3.15,
                -7.17
            ],
            "PanTilt": [
                77.37,
                50.6
            ],
            "PanTiltOffset": [
                -192.08901977539062,
                85.70718383789062
            ],
            "Distance": null,
            "HomogTarget": [
                4.462765441181396,
                5.567786591480597
            ]
        },
        {
            "Target": [
                0.19,
                3.15,
                -7.22
            ],
            "PanTilt": [
                -73.6,
                34.0
            ],
            "PanTiltOffset": [
                192.94854736328125,
                122.56340026855469
            ],
            "Distance": 4.403067111968994,
            "HomogTarget": [
                -1.5818435797785024,
                0.9289831167659468
            ]
        },
        {
            "Target": [
                0.14,
                3.27,
                -0.47
            ],
            "PanTilt": [
                -30.6,
                28.400000000000002
            ],
            "PanTiltOffset": [
                188.13772583007812,
                140.5377197265625
            ],
            "Distance": 9.625558853149414,
            "HomogTarget": [
                -0.34042776856036927,
                0.230323172073658
            ]
        }
    ],
    "DataPointsBtm": [
        {
            "Target": [
                8.42,
                0.26,
                -0.6
            ],
            "PanTilt": [
                27.8,
                26.299999999999997
            ],
            "PanTiltOffset": [
                -176.63687133789062,
                143.26806640625
            ],
            "Distance": null,
            "HomogTarget": [
                0.5272401887532007,
                0.558717400983442
            ]
        },
        {
            "Target": [
                8.15,
                0.26,
                -7.42
            ],
            "PanTilt": [
                68.8,
                23.77
            ],
            "PanTiltOffset": [
                -178.58920288085938,
                137.74111938476562
            ],
            "Distance": null,
            "HomogTarget": [
                2.5781539152714794,
                1.217912939506984
            ]
        },
        {
            "Target": [
                0.19,
                0.26,
                -7.22
            ],
            "PanTilt": [
                -46.5,
                -15.200000000000001
            ],
            "PanTiltOffset": [
                174.5153350830078,
                211.89886474609375
            ],
            "Distance": 3.3565011024475098,
            "HomogTarget": [
                -1.0537801252809622,
                -0.39470063296021063
            ]
        },
        {
            "Target": [
                0.14,
                0.26,
                -0.47
            ],
            "PanTilt": [
                -21.9,
                12.199999999999998
            ],
            "PanTiltOffset": [
                185.43663024902344,
                173.95419311523438
            ],
            "Distance": 9.155986785888672,
            "HomogTarget": [
                -0.23086819112556312,
                -0.059176322524586614
            ]
        }
    ],
    "HomographyTop": [
        [
            0.09942544897601342,
            -0.032670070578831166,
            -0.3822719646249662
        ],
        [
            0.1012992442005359,
            0.023974977868003376,
            0.18350816286912525
        ],
        [
            0.010225752039484306,
            0.12958868762654094,
            1.0
        ]
    ],
    "HomographyBtm": [
        [
            0.02195415704531635,
            0.08415005541292114,
            -0.1921443437467331
        ],
        [
            0.00016165010202469468,
            0.03518068628456436,
            -0.041482651171952864
        ],
        [
            -0.12997463772482823,
            0.025339611296389054,
            1.0
        ]
    ],
    "HomographySide_1": [
        [
            -0.039689575174266335,
            -0.006037803356071309,
            0.49398320408017127
        ],
        [
            0.0882030066522468,
            0.03911046052041308,
            0.5169120015849137
        ],
        [
            -0.04808551362882068,
            0.10546090502742873,
            1.0
        ]
    ],
    "HomographySide_2": [
        [
            -0.037396606353839346,
            0.0004206489874287222,
            -0.20581727764293808
        ],
        [
            0.10025154021276036,
            0.003949006505224769,
            -0.09519201762592715
        ],
        [
            -0.002144268775986627,
            0.10806699136722844,
            1.0
        ]
    ],
    "Axis": "z",
    "DMXStartingAddress": 82
}