{"Position": [2.9, 4.8, -8.0], "Rotation": [210.0, 0.0, 20.0], "PanTiltDirection": [0.0, -90.0], "DataPointsTop": [{"Target": [8.5, 3.15, -0.2], "PanTilt": [-35.7, -1.549999999999999], "PanTiltOffset": [186.73602294921875, 186.84158325195312], "Distance": 9.742817878723145, "HomogTarget": [-4.775301448154142, -11.435297491821908]}], "DataPointsBtm": [{"Target": [8.5, 0.4, -0.2], "PanTilt": [-27.900000000000002, 11.450000000000001], "PanTiltOffset": [186.8836212158203, 161.26455688476562], "Distance": 10.5621976852417, "HomogTarget": [-1.2410401567805953, -2.273588866678651]}], "HomographyTop": [[1.3432080709696337, -8.194555304054153e-08, -4.775301456451419], [6.275050227332059e-08, -1.4294121732907241, -11.435297966003409], [0.48888774590331685, -6.050466061752972e-08, 1.0]], "HomographyBtm": [[0.2670593662239724, 3.866692950685834e-09, -1.2410401105880744], [-2.6458166477873967e-08, -0.28419861589340933, -2.27358889579773], [0.09720165277868906, -1.3788572256993341e-08, 1.0]], "HomographySide_1": [[0.2670593848947413, 0.09720168259611836, -1.2410401105880737], [-6.297418409159719e-08, -3.3297115764910864e-08, -2.2735888957977277], [0.09720168289000977, -0.2670593279846213, 1.0]], "HomographySide_2": [[0.26705924425418226, 0.09720143347705956, -1.241039991378784], [-4.817432838325722e-08, 3.8248589385810496e-08, 0.2841986119747158], [0.0972014974579031, -0.26705923781308094, 1.0]], "Axis": "y", "DMXStartingAddress": 82}