{
    "Position": [
        4.0,
        4.6,
        1.0
    ],
    "Rotation": [
        180.0,
        0.0,
        0.0
    ],
    "PanTiltDirection": [
        0.0,
        90.0
    ],
    "DataPointsTop": [
        {
            "Target": [
                8.42,
                3.33,
                -0.6
            ],
            "PanTilt": [
                70.7685806274414,
                -9.89779052734375
            ],
            "PanTiltOffset": [
                39.13121795654297,
                11.968986511230469
            ],
            "Distance": null,
            "HomogTarget": [
                2.86654649386996,
                -0.5297402269920127
            ]
        },
        {
            "Target": [
                8.15,
                3.2800000000000002,
                -7.42
            ],
            "PanTilt": [
                26.130552139282226,
                -4.464475708007813
            ],
            "PanTiltOffset": [
                127.6319580078125,
                5.807029724121094
            ],
            "Distance": null,
            "HomogTarget": [
                0.49055632821439293,
                -0.0869664760288646
            ]
        },
        {
            "Target": [
                0.19,
                3.15,
                -7.22
            ],
            "PanTilt": [
                -25.348,
                -4.457700000000001
            ],
            "PanTiltOffset": [
                -129.78411865234375,
                6.670005798339844
            ],
            "Distance": null,
            "HomogTarget": [
                -0.47372319014987996,
                -0.08626404148118472
            ]
        },
        {
            "Target": [
                0.14,
                3.27,
                -0.47
            ],
            "PanTilt": [
                -70.4772,
                -11.155599999999996
            ],
            "PanTiltOffset": [
                -40.37108612060547,
                14.342781066894531
            ],
            "Distance": null,
            "HomogTarget": [
                -2.8203456321483165,
                -0.5900981532737826
            ]
        }
    ],
    "DataPointsBtm": [
        {
            "Target": [
                8.42,
                0.26,
                -0.6
            ],
            "PanTilt": [
                70.06858825683594,
                -40.52886856079102
            ],
            "PanTiltOffset": [
                39.831207275390625,
                75.10588073730469
            ],
            "Distance": null,
            "HomogTarget": [
                2.757744683050227,
                -2.5079641704028135
            ]
        },
        {
            "Target": [
                8.15,
                0.26,
                -7.42
            ],
            "PanTilt": [
                25.990552139282226,
                -22.268722534179688
            ],
            "PanTiltOffset": [
                127.77195739746094,
                41.310943603515625
            ],
            "Distance": null,
            "HomogTarget": [
                0.4875284826686257,
                -0.4555653107451563
            ]
        },
        {
            "Target": [
                0.19,
                0.26,
                -7.22
            ],
            "PanTilt": [
                -25.268,
                -22.7577
            ],
            "PanTiltOffset": [
                -129.86410522460938,
                42.435455322265625
            ],
            "Distance": null,
            "HomogTarget": [
                -0.47201471511426557,
                -0.4638759804909667
            ]
        },
        {
            "Target": [
                0.14,
                0.26,
                -0.47
            ],
            "PanTilt": [
                -69.87799999999999,
                -42.9077
            ],
            "PanTiltOffset": [
                -40.97029113769531,
                81.01907348632812
            ],
            "Distance": null,
            "HomogTarget": [
                -2.7293806450987343,
                -2.701898507208678
            ]
        }
    ],
    "HomographyTop": [
        [
            1.142651639772868,
            0.015457346569855222,
            -4.494762880238582
        ],
        [
            -0.004742286262197885,
            -0.016214179645366072,
            -0.9154409740719822
        ],
        [
            0.01168773349497187,
            -1.1444923494489898,
            1.0
        ]
    ],
    "HomographyBtm": [
        [
            1.0217340576161769,
            -0.005070242514355562,
            -4.185265936932112
        ],
        [
            -0.002823780380814865,
            -0.016735002591177633,
            -4.006633274555638
        ],
        [
            -0.0012003266300047246,
            -1.0219123249741837,
            1.0
        ]
    ],
    "HomographySide_1": [
        [
            -0.0014058247689842757,
            0.03801272865886644,
            4.451450853755095
        ],
        [
            1.0454846728808562,
            -0.019279681440834577,
            -4.310583601707448
        ],
        [
            -0.020343085705562414,
            -1.0184161597607044,
            1.0
        ]
    ],
    "HomographySide_2": [
        [
            0.003240361085252632,
            -0.03703696693519086,
            -3.941738310521124
        ],
        [
            1.018310989507716,
            -0.04056806662898255,
            -4.167810820515466
        ],
        [
            -0.016552228779700227,
            -0.9400105948912921,
            1.0
        ]
    ],
    "Axis": "z",
    "DMXStartingAddress": 32
}