{
    "Position": [
        0.9,
        1.1,
        -9.2
    ],
    "Rotation": [
        0.0,
        180.0,
        -20.0
    ],
    "PanTiltDirection": [
        0.0,
        -90.0
    ],
    "DataPointsTop": [
        {
            "Target": [
                8.42,
                3.33,
                -0.6
            ],
            "PanTilt": [
                34.94,
                40.13499999999999
            ],
            "PanTiltOffset": [
                -178.6986541748047,
                116.22442626953125
            ],
            "Distance": null,
            "HomogTarget": [
                0.6986480524780349,
                1.0285092394815727
            ]
        },
        {
            "Target": [
                8.63,
                3.15,
                -7.17
            ],
            "PanTilt": [
                81.0,
                41.599999999999994
            ],
            "PanTiltOffset": [
                -188.18814086914062,
                104.76461791992188
            ],
            "Distance": null,
            "HomogTarget": [
                6.313751514675041,
                5.6754855499530334
            ]
        },
        {
            "Target": [
                0.19,
                3.15,
                -7.22
            ],
            "PanTilt": [
                -58.9,
                49.99999999999999
            ],
            "PanTiltOffset": [
                204.25271606445312,
                95.02759552001953
            ],
            "Distance": null,
            "HomogTarget": [
                -0.7426655415338108,
                0.8786834153780333
            ]
        },
        {
            "Target": [
                0.14,
                3.27,
                -0.47
            ],
            "PanTilt": [
                -19.700000000000003,
                30.400000000000006
            ],
            "PanTiltOffset": [
                190.2290496826172,
                138.23361206054688
            ],
            "Distance": null,
            "HomogTarget": [
                -0.17632698070846498,
                0.17904710860483974
            ]
        }
    ],
    "DataPointsBtm": [
        {
            "Target": [
                8.42,
                0.26,
                -0.6
            ],
            "PanTilt": [
                36.3,
                24.799999999999997
            ],
            "PanTiltOffset": [
                -175.76654052734375,
                146.24710083007812
            ],
            "Distance": null,
            "HomogTarget": [
                0.7345730281949163,
                0.5733324912403265
            ]
        },
        {
            "Target": [
                8.15,
                0.26,
                -7.42
            ],
            "PanTilt": [
                73.91000000000001,
                19.470000000000002
            ],
            "PanTiltOffset": [
                -177.98410034179688,
                147.5270538330078
            ],
            "Distance": null,
            "HomogTarget": [
                3.466852152804831,
                1.2756027407971156
            ]
        },
        {
            "Target": [
                0.19,
                0.26,
                -7.22
            ],
            "PanTilt": [
                -19.154999999999998,
                -7.5100000000000025
            ],
            "PanTiltOffset": [
                188.2941436767578,
                214.62078857421875
            ],
            "Distance": 2.264972448348999,
            "HomogTarget": [
                -0.22077928470042202,
                -0.46562209870442883
            ]
        },
        {
            "Target": [
                0.14,
                0.26,
                -0.47
            ],
            "PanTilt": [
                -11.100000000000001,
                12.499999999999998
            ],
            "PanTiltOffset": [
                188.30064392089844,
                174.34552001953125
            ],
            "Distance": null,
            "HomogTarget": [
                -0.06817316069631632,
                -0.10711722417341685
            ]
        }
    ],
    "HomographyTop": [
        [
            0.12444787114031029,
            -0.03664019976332584,
            -0.2385801478585749
        ],
        [
            0.13316155770316,
            0.04027159430869927,
            0.12666828422361023
        ],
        [
            0.03363714838974359,
            0.15569933355473417,
            1.0
        ]
    ],
    "HomographyBtm": [
        [
            0.050619308669805074,
            0.008297598326055013,
            -0.08431949675183424
        ],
        [
            0.04635306210958189,
            0.022336032488852724,
            -0.11392861671616279
        ],
        [
            -0.060134345414169184,
            0.05835419961687708,
            1.0
        ]
    ],
    "HomographySide_1": [
        [
            -0.04461399395516203,
            -0.005134928594835188,
            0.6874320547741487
        ],
        [
            0.08727519990598567,
            0.0391794246864976,
            0.5307063819914466
        ],
        [
            -0.04837732290016469,
            0.10532217359717987,
            1.0
        ]
    ],
    "HomographySide_2": [
        [
            -0.03699762156930521,
            -0.0027798911629091285,
            -0.051478173063965765
        ],
        [
            0.09888964470063526,
            -0.0007746712476764107,
            -0.1422927155693239
        ],
        [
            -0.003469899140407345,
            0.10852743273185883,
            1.0
        ]
    ],
    "Axis": "z",
    "DMXStartingAddress": 28
}