{
    "Position": [
        0.9,
        4.0,
        -8.0
    ],
    "Rotation": [
        200.0,
        0.0,
        20.0
    ],
    "PanTiltDirection": [
        0.0,
        -90.0
    ],
    "DataPointsTop": [
        {
            "Target": [
                8.42,
                3.33,
                -0.6
            ],
            "PanTilt": [
                -45.9,
                4.04
            ],
            "PanTiltOffset": [
                185.5523681640625,
                173.37088012695312
            ],
            "Distance": null,
            "HomogTarget": [
                -1.0319199492804956,
                0.10149029023425149
            ]
        },
        {
            "Target": [
                8.63,
                3.15,
                -7.17
            ],
            "PanTilt": [
                -81.98,
                22.257
            ],
            "PanTiltOffset": [
                187.65956115722656,
                135.5741424560547
            ],
            "Distance": null,
            "HomogTarget": [
                -7.0973926304726795,
                2.9333218434058916
            ]
        },
        {
            "Target": [
                0.19,
                3.15,
                -7.22
            ],
            "PanTilt": [
                35.39,
                -3.5
            ],
            "PanTiltOffset": [
                -169.32986450195312,
                172.6236572265625
            ],
            "Distance": 1.3546217679977417,
            "HomogTarget": [
                0.6717187999835811,
                -0.05259659928829711
            ]
        },
        {
            "Target": [
                0.14,
                3.27,
                -0.47
            ],
            "PanTilt": [
                0.7699999999999996,
                -15.6
            ],
            "PanTiltOffset": [
                -173.16786193847656,
                212.22254943847656
            ],
            "Distance": null,
            "HomogTarget": [
                0.01343984436308239,
                -0.38389870203834897
            ]
        }
    ],
    "DataPointsBtm": [
        {
            "Target": [
                8.42,
                0.26,
                -0.6
            ],
            "PanTilt": [
                -38.5,
                18.42
            ],
            "PanTiltOffset": [
                185.85975646972656,
                145.03054809570312
            ],
            "Distance": null,
            "HomogTarget": [
                -0.7954359166678285,
                0.4255558287574453
            ]
        },
        {
            "Target": [
                8.15,
                0.26,
                -7.42
            ],
            "PanTilt": [
                -71.48000000000002,
                42.657
            ],
            "PanTiltOffset": [
                186.60537719726562,
                95.7020263671875
            ],
            "Distance": null,
            "HomogTarget": [
                -2.9852215707422163,
                2.90076009165313
            ]
        },
        {
            "Target": [
                0.19,
                0.26,
                -7.22
            ],
            "PanTilt": [
                36.49,
                41.5
            ],
            "PanTiltOffset": [
                -170.06602478027344,
                92.23902893066406
            ],
            "Distance": 3.8858847618103027,
            "HomogTarget": [
                0.7396910128029828,
                1.1004583975119486
            ]
        },
        {
            "Target": [
                0.14,
                0.26,
                -0.47
            ],
            "PanTilt": [
                7.600000000000001,
                4.2
            ],
            "PanTiltOffset": [
                -173.91941833496094,
                172.52120971679688
            ],
            "Distance": 8.441925048828125,
            "HomogTarget": [
                0.11570394767506878,
                -0.05628167163961782
            ]
        }
    ],
    "HomographyTop": [
        [
            -0.13908294077932842,
            0.0009600648836933029,
            0.07578260267767813
        ],
        [
            0.05807862153463724,
            -0.05291032187995495,
            -0.41298817894700246
        ],
        [
            0.017188755139758233,
            0.1379261010555638,
            1.0
        ]
    ],
    "HomographyBtm": [
        [
            -0.11179726851369201,
            -0.006845509356860507,
            0.15870398189976015
        ],
        [
            0.05795248655777064,
            -0.0411933317290068,
            -0.09616915361609807
        ],
        [
            0.005230333810666366,
            0.10883908669974414,
            0.9999999999999999
        ]
    ],
    "HomographySide_1": [
        [
            -0.024144210990107707,
            -0.0203370311002544,
            -0.7412248791829826
        ],
        [
            -0.10220713071339727,
            -0.02732235442774353,
            0.4035638185095848
        ],
        [
            -0.04560705754625059,
            0.10623860679201702,
            1.0
        ]
    ],
    "HomographySide_2": [
        [
            -0.035629601404606394,
            -0.009142008896500168,
            0.1196845667033011
        ],
        [
            -0.09515045958031321,
            -0.04483146714986834,
            -0.032443848633993785
        ],
        [
            -0.04448673775859047,
            0.10297993674843953,
            0.9999999999999999
        ]
    ],
    "Axis": "z",
    "DMXStartingAddress": 28
}