{
    "Position": [
        8.1,
        4.0,
        -8.0
    ],
    "Rotation": [
        200.0,
        0.0,
        -20.0
    ],
    "PanTiltDirection": [
        0.0,
        -90.0
    ],
    "DataPointsTop": [
        {
            "Target": [
                8.42,
                3.33,
                -0.6
            ],
            "PanTilt": [
                2.484000000000002,
                -14.500000000000002
            ],
            "PanTiltOffset": [
                173.26693725585938,
                210.43759155273438
            ],
            "Distance": null,
            "HomogTarget": [
                0.04338116129891657,
                -0.2588608194409695
            ]
        },
        {
            "Target": [
                8.63,
                3.15,
                -7.17
            ],
            "PanTilt": [
                -13.030000000000001,
                12.667
            ],
            "PanTiltOffset": [
                154.51681518554688,
                154.1648712158203
            ],
            "Distance": null,
            "HomogTarget": [
                -0.23141976450547463,
                0.23069448937456394
            ]
        },
        {
            "Target": [
                0.19,
                3.15,
                -7.22
            ],
            "PanTilt": [
                81.19,
                21.629999999999995
            ],
            "PanTiltOffset": [
                -186.32223510742188,
                136.12603759765625
            ],
            "Distance": null,
            "HomogTarget": [
                6.452158229028989,
                2.5890453215611187
            ]
        },
        {
            "Target": [
                0.14,
                3.27,
                -0.47
            ],
            "PanTilt": [
                46.900000000000006,
                5.11
            ],
            "PanTiltOffset": [
                -185.63998413085938,
                171.61431884765625
            ],
            "Distance": null,
            "HomogTarget": [
                1.068623302614653,
                0.13087513622845354
            ]
        }
    ],
    "DataPointsBtm": [
        {
            "Target": [
                8.42,
                0.26,
                -0.6
            ],
            "PanTilt": [
                -4.779999999999998,
                5.900000000000001
            ],
            "PanTiltOffset": [
                173.76763916015625,
                169.47747802734375
            ],
            "Distance": null,
            "HomogTarget": [
                -0.08362082922122523,
                0.10370061734493655
            ]
        },
        {
            "Target": [
                8.15,
                0.26,
                -7.42
            ],
            "PanTilt": [
                -31.85,
                52.557
            ],
            "PanTiltOffset": [
                174.55601501464844,
                72.77045440673828
            ],
            "Distance": null,
            "HomogTarget": [
                -0.6212350687088634,
                1.537395030076548
            ]
        },
        {
            "Target": [
                0.19,
                0.26,
                -7.22
            ],
            "PanTilt": [
                71.42999999999999,
                40.77
            ],
            "PanTiltOffset": [
                -186.3588104248047,
                99.81072998046875
            ],
            "Distance": null,
            "HomogTarget": [
                2.976594585510907,
                2.7075782680032217
            ]
        },
        {
            "Target": [
                0.14,
                0.26,
                -0.47
            ],
            "PanTilt": [
                39.74000000000001,
                18.4
            ],
            "PanTiltOffset": [
                -185.78611755371094,
                145.1151885986328
            ],
            "Distance": null,
            "HomogTarget": [
                0.8313960045846329,
                0.4326084183357479
            ]
        }
    ],
    "HomographyTop": [
        [
            -0.11713748006519453,
            0.005585497606555659,
            1.027605750336727
        ],
        [
            -0.04289073292142132,
            -0.03938599440236036,
            0.11101503637574574
        ],
        [
            -0.006468777887668656,
            0.11761844069243328,
            1.0
        ]
    ],
    "HomographyBtm": [
        [
            -0.10474113867022362,
            0.012603837184386688,
            0.8106631333325721
        ],
        [
            -0.0383743438754504,
            -0.03367865693761814,
            0.4006512091837196
        ],
        [
            0.0007316525925868808,
            0.10596270441636013,
            1.0
        ]
    ],
    "HomographySide_1": [
        [
            0.035795918697722834,
            0.006254247051701622,
            -0.08263913336035461
        ],
        [
            -0.09490840365644167,
            -0.029432124928019738,
            0.10261193158846742
        ],
        [
            -0.05392408312284503,
            0.10690522046252332,
            1.0
        ]
    ],
    "HomographySide_2": [
        [
            0.037013165422481946,
            0.02010324878893918,
            0.7818316181093706
        ],
        [
            -0.09883446465565651,
            -0.026813152463450986,
            0.4200038966614047
        ],
        [
            -0.03473438289522307,
            0.10717985470415896,
            0.9999999999999999
        ]
    ],
    "Axis": "z",
    "DMXStartingAddress": 163
}