{"Position": [0.9, 4.0, -8.0], "Rotation": [210.0, 0.0, 20.0], "PanTiltDirection": [0.0, -90.0], "DataPointsTop": [{"Target": [8.5, 3.15, -0.2], "PanTilt": [136.47955322265625, 181.45696990966798], "PanTiltOffset": [4.5, 3.5699996948242188], "Distance": 10.923483848571777, "HomogTarget": [-1.8797152307143468, -12.660749390782016]}], "DataPointsBtm": [{"Target": [8.5, 0.4, -0.2], "PanTilt": [-35.9, 10.429999999999998], "PanTiltOffset": [184.6658935546875, 163.15878295898438], "Distance": 11.469961166381836, "HomogTarget": [-0.6415052667112293, -2.3182009129529244]}], "HomographyTop": [[1.4871516843793493, 8.554624728510205e-09, -1.8797152042388952], [-3.343963435353062e-08, -1.5825936789392188, -12.66074943542479], [0.5412789468935417, -7.501640692539928e-08, 0.9999999999999999]], "HomographyBtm": [[0.27229955149246743, 1.112905670777231e-08, -0.6415052413940431], [-1.4498246357704524e-08, -0.28977511134929756, -2.318200826644897], [0.0991089207361358, -2.7672099271590152e-08, 1.0]], "HomographySide_1": [[0.27229957479268857, 0.09910892510776767, -0.6415052413940422], [-4.435391327141047e-08, 3.6057036505510503e-09, -2.3182008266448975], [0.0991089451025882, -0.2722995367783034, 1.0]], "HomographySide_2": [[0.27229948736758486, 0.09910889889635355, -0.6415051817893977], [-1.3907060938087834e-08, 6.64972652462661e-10, 0.28977510333061157], [0.09910889991308043, -0.2722994946968195, 1.0]], "Axis": "y", "DMXStartingAddress": 28}