{
    "Position": [
        8.1,
        1.1,
        -9.2
    ],
    "Rotation": [
        0.0,
        180.0,
        20.0
    ],
    "PanTiltDirection": [
        0.0,
        -90.0
    ],
    "DataPointsTop": [
        {
            "Target": [
                8.42,
                3.33,
                -0.6
            ],
            "PanTilt": [
                17.0,
                31.924999999999997
            ],
            "PanTiltOffset": [
                -189.9510498046875,
                135.1661834716797
            ],
            "Distance": null,
            "HomogTarget": [
                0.3057306814586604,
                0.6515190104559496
            ]
        },
        {
            "Target": [
                8.63,
                3.15,
                -7.17
            ],
            "PanTilt": [
                51.470000000000006,
                61.0
            ],
            "PanTiltOffset": [
                -200.89845275878906,
                82.49269104003906
            ],
            "Distance": null,
            "HomogTarget": [
                1.2558220502872557,
                2.896094575030934
            ]
        },
        {
            "Target": [
                0.19,
                3.15,
                -7.22
            ],
            "PanTilt": [
                -80.5,
                40.6
            ],
            "PanTiltOffset": [
                186.88992309570312,
                105.97207641601562
            ],
            "Distance": 8.407794952392578,
            "HomogTarget": [
                -3.041517279110907,
                2.151447286580833
            ]
        },
        {
            "Target": [
                0.14,
                3.27,
                -0.47
            ],
            "PanTilt": [
                -36.6,
                39.6
            ],
            "PanTiltOffset": [
                178.939208984375,
                117.04598236083984
            ],
            "Distance": 12.011802673339844,
            "HomogTarget": [
                -0.6795992982245266,
                0.46411927323055024
            ]
        }
    ],
    "DataPointsBtm": [
        {
            "Target": [
                8.42,
                0.26,
                -0.6
            ],
            "PanTilt": [
                8.4,
                13.399999999999997
            ],
            "PanTiltOffset": [
                -188.31069946289062,
                172.5663299560547
            ],
            "Distance": null,
            "HomogTarget": [
                0.14766715260789268,
                0.24081700883573842
            ]
        },
        {
            "Target": [
                8.15,
                0.26,
                -7.42
            ],
            "PanTilt": [
                2.88,
                -3.650000000000002
            ],
            "PanTiltOffset": [
                169.43113708496094,
                207.829345703125
            ],
            "Distance": null,
            "HomogTarget": [
                0.050307859188983596,
                -0.06387150692093113
            ]
        },
        {
            "Target": [
                0.19,
                0.26,
                -7.22
            ],
            "PanTilt": [
                -74.5,
                13.8
            ],
            "PanTiltOffset": [
                178.88449096679688,
                152.68246459960938
            ],
            "Distance": 8.197200775146484,
            "HomogTarget": [
                -3.605883508760873,
                0.9191178380491966
            ]
        },
        {
            "Target": [
                0.14,
                0.26,
                -0.47
            ],
            "PanTilt": [
                -37.6,
                25.099999999999998
            ],
            "PanTiltOffset": [
                175.93988037109375,
                145.50634765625
            ],
            "Distance": 11.843989372253418,
            "HomogTarget": [
                -0.78410015810818,
                0.18085492668533856
            ]
        }
    ],
    "HomographyTop": [
        [
            0.11709689289983177,
            0.004506073044152969,
            -0.7017327875036772
        ],
        [
            0.019372547457327412,
            -0.005124034526446463,
            0.4337329945751591
        ],
        [
            -0.0018101748950005109,
            0.10658295705813794,
            1.0
        ]
    ],
    "HomographyBtm": [
        [
            0.09088657401934938,
            0.002159192717583471,
            -0.7557408652028337
        ],
        [
            -0.01910872775121893,
            -0.0030536322798596976,
            0.17248255561717085
        ],
        [
            -0.1048228374302407,
            0.10277978213061867,
            1.0
        ]
    ],
    "HomographySide_1": [
        [
            0.021293331579988205,
            0.01783623295045156,
            0.1413131597242119
        ],
        [
            0.0675599152728478,
            0.03525603309552337,
            0.225618993161314
        ],
        [
            -0.08562016928756361,
            0.0929140762789575,
            1.0
        ]
    ],
    "HomographySide_2": [
        [
            0.03452548775910955,
            0.0006986690463610901,
            -0.7652784829976041
        ],
        [
            0.1000563074661094,
            -0.002822935375871781,
            0.13226767420083865
        ],
        [
            0.00280544884317047,
            0.10869656632923254,
            1.0
        ]
    ],
    "Axis": "z",
    "DMXStartingAddress": 163
}