{
    "Position": [
        0.077,
        3.537,
        -8.362
    ],
    "Rotation": [
        200.0,
        0.0,
        20.0
    ],
    "PanTiltDirection": [
        0.0,
        -90.0
    ],
    "DataPointsTop": [
        {
            "Target": [
                8.42,
                3.33,
                -0.6
            ],
            "PanTilt": [
                -46.4,
                3.5000000000000004
            ],
            "PanTiltOffset": [
                181.84295654296875,
                174.2369384765625
            ],
            "Distance": null,
            "HomogTarget": [
                -1.0501034490911145,
                0.08869038110371168
            ]
        },
        {
            "Target": [
                8.63,
                3.15,
                -7.17
            ],
            "PanTilt": [
                -79.81613000000002,
                19.970422363281234
            ],
            "PanTiltOffset": [
                183.40525817871094,
                140.61175537109375
            ],
            "Distance": null,
            "HomogTarget": [
                -5.5667577791529546,
                2.0552600947333426
            ]
        },
        {
            "Target": [
                0.19,
                3.15,
                -7.22
            ],
            "PanTilt": [
                -1.5299999999999994,
                -4.86
            ],
            "PanTiltOffset": [
                174.1165771484375,
                171.17691040039062
            ],
            "Distance": null,
            "HomogTarget": [
                -0.026709886609692153,
                -0.08505734550921963
            ]
        },
        {
            "Target": [
                0.14,
                3.27,
                -0.47
            ],
            "PanTilt": [
                -3.33,
                -16.13
            ],
            "PanTiltOffset": [
                182.43479919433594,
                213.1466064453125
            ],
            "Distance": null,
            "HomogTarget": [
                -0.05818499267056138,
                -0.2896916073663385
            ]
        }
    ],
    "DataPointsBtm": [
        {
            "Target": [
                8.42,
                0.26,
                -0.6
            ],
            "PanTilt": [
                -39.0,
                17.06
            ],
            "PanTiltOffset": [
                181.7421417236328,
                147.38174438476562
            ],
            "Distance": null,
            "HomogTarget": [
                -0.809784033195007,
                0.3948757945597354
            ]
        },
        {
            "Target": [
                8.15,
                0.26,
                -7.42
            ],
            "PanTilt": [
                -70.51610000000001,
                38.870400000000004
            ],
            "PanTiltOffset": [
                181.86398315429688,
                103.85052490234375
            ],
            "Distance": null,
            "HomogTarget": [
                -2.8264367004862647,
                2.4166244090286115
            ]
        },
        {
            "Target": [
                0.19,
                0.26,
                -7.22
            ],
            "PanTilt": [
                26.000000000000004,
                48.84
            ],
            "PanTiltOffset": [
                -180.70223999023438,
                77.41410827636719
            ],
            "Distance": null,
            "HomogTarget": [
                0.4877325885658615,
                1.2727066458131542
            ]
        },
        {
            "Target": [
                0.14,
                0.26,
                -0.47
            ],
            "PanTilt": [
                4.2,
                3.63
            ],
            "PanTiltOffset": [
                -177.8029327392578,
                173.23272705078125
            ],
            "Distance": null,
            "HomogTarget": [
                0.07343540959262393,
                0.06361118521888942
            ]
        }
    ],
    "HomographyTop": [
        [
            -0.10781981781522262,
            -0.00820796700295943,
            -0.04385278017996838
        ],
        [
            0.04218766718639536,
            -0.03792654626451506,
            -0.2980130455687652
        ],
        [
            -0.003700040203023642,
            0.11207986679287055,
            1.0
        ]
    ],
    "HomographyBtm": [
        [
            -0.10447528676594975,
            -0.007236103321219533,
            0.08104218479290679
        ],
        [
            0.038931064303908,
            -0.03460477977412366,
            0.03876191830286312
        ],
        [
            0.005312929651062681,
            0.1064307611149674,
            1.0
        ]
    ],
    "HomographySide_1": [
        [
            -0.02758593460437193,
            -0.014726448885167226,
            -0.7527437750224922
        ],
        [
            -0.09630685060010398,
            -0.027867598337289197,
            0.37456922026103706
        ],
        [
            -0.04287123727049122,
            0.10224439716634064,
            1.0
        ]
    ],
    "HomographySide_2": [
        [
            -0.04048200938335621,
            -0.006304990674938223,
            0.07704193275269873
        ],
        [
            -0.10662100722432469,
            -0.03439595524733983,
            0.07174025699921853
        ],
        [
            -0.015302780003659438,
            0.10613684788561632,
            1.0
        ]
    ],
    "Axis": "z",
    "DMXStartingAddress": 1
}