{
    "Position": [
        6.1,
        4.8,
        -8.0
    ],
    "Rotation": [
        200.0,
        0.0,
        -20.0
    ],
    "PanTiltDirection": [
        0.23,
        -90.0
    ],
    "DataPointsTop": [
        {
            "Target": [
                8.42,
                3.33,
                -0.6
            ],
            "PanTilt": [
                -10.8,
                -14.94
            ],
            "PanTiltOffset": [
                170.2452850341797,
                209.45672607421875
            ],
            "Distance": null,
            "HomogTarget": [
                -0.19076020221856677,
                -0.27163859015581043
            ]
        },
        {
            "Target": [
                8.63,
                3.15,
                -7.17
            ],
            "PanTilt": [
                -64.22,
                5.417000000000002
            ],
            "PanTiltOffset": [
                173.2437286376953,
                167.9839630126953
            ],
            "Distance": null,
            "HomogTarget": [
                -2.0704434412464146,
                0.21803525701845028
            ]
        },
        {
            "Target": [
                0.19,
                3.15,
                -7.22
            ],
            "PanTilt": [
                77.80000000000001,
                28.1
            ],
            "PanTiltOffset": [
                -189.42337036132812,
                121.93256378173828
            ],
            "Distance": null,
            "HomogTarget": [
                4.625183180963962,
                2.526680646489728
            ]
        },
        {
            "Target": [
                0.14,
                3.27,
                -0.47
            ],
            "PanTilt": [
                39.6,
                5.7
            ],
            "PanTiltOffset": [
                -188.03656005859375,
                170.22451782226562
            ],
            "Distance": null,
            "HomogTarget": [
                0.8272719459724758,
                0.12954127707384075
            ]
        }
    ],
    "DataPointsBtm": [
        {
            "Target": [
                8.42,
                0.26,
                -0.6
            ],
            "PanTilt": [
                -16.529999999999998,
                4.789999999999999
            ],
            "PanTiltOffset": [
                171.8985595703125,
                170.53550720214844
            ],
            "Distance": null,
            "HomogTarget": [
                -0.29678312396882084,
                0.08740912622428126
            ]
        },
        {
            "Target": [
                8.15,
                0.26,
                -7.42
            ],
            "PanTilt": [
                -57.04000000000001,
                38.94699999999999
            ],
            "PanTiltOffset": [
                173.93051147460938,
                102.11717224121094
            ],
            "Distance": null,
            "HomogTarget": [
                -1.542221027527275,
                1.4856144083480016
            ]
        },
        {
            "Target": [
                0.19,
                0.26,
                -7.22
            ],
            "PanTilt": [
                63.70000000000001,
                49.2
            ],
            "PanTiltOffset": [
                -189.710693359375,
                81.9583740234375
            ],
            "Distance": null,
            "HomogTarget": [
                2.0233462453648583,
                2.614729132553221
            ]
        },
        {
            "Target": [
                0.14,
                0.26,
                -0.47
            ],
            "PanTilt": [
                31.6,
                20.1
            ],
            "PanTiltOffset": [
                -187.92527770996094,
                141.52224731445312
            ],
            "Distance": null,
            "HomogTarget": [
                0.6152041047020308,
                0.42965417503563863
            ]
        }
    ],
    "HomographyTop": [
        [
            -0.1145082016285668,
            0.006366061678622617,
            0.8003289484812601
        ],
        [
            -0.044259364537280584,
            -0.04149407477155247,
            0.10903759723019854
        ],
        [
            -0.006093345574677931,
            0.11640533539774821,
            1.0
        ]
    ],
    "HomographyBtm": [
        [
            -0.10387491917253226,
            0.012924854834308167,
            0.6054814690168953
        ],
        [
            -0.04001683625503128,
            -0.034057805831713375,
            0.3980602699475318
        ],
        [
            -0.0004898665301858284,
            0.10478309833654029,
            1.0
        ]
    ],
    "HomographySide_1": [
        [
            0.040933921296543385,
            0.006076036830567843,
            -0.2813460391204786
        ],
        [
            -0.0952838574791984,
            -0.032755837881576925,
            0.08592203668761195
        ],
        [
            -0.047228562548031504,
            0.10552009727104113,
            1.0
        ]
    ],
    "HomographySide_2": [
        [
            0.03629502958468768,
            0.017835802805422334,
            0.5777543725766732
        ],
        [
            -0.09850294864214354,
            -0.027876572702555787,
            0.4167443585851669
        ],
        [
            -0.036253226378547894,
            0.10581864097961206,
            1.0
        ]
    ],
    "Axis": "z",
    "DMXStartingAddress": 109
}