{
    "Position": [
        2.513,
        4.424,
        -8.063
    ],
    "Rotation": [
        200.0,
        0.0,
        20.0
    ],
    "PanTiltDirection": [
        0.0,
        -90.0
    ],
    "DataPointsTop": [
        {
            "Target": [
                8.42,
                3.33,
                -0.6
            ],
            "PanTilt": [
                -39.099999999999994,
                5.6000000000000005
            ],
            "PanTiltOffset": [
                188.97225952148438,
                171.08120727539062
            ],
            "Distance": null,
            "HomogTarget": [
                -0.812677955452741,
                0.12634664163065837
            ]
        },
        {
            "Target": [
                8.63,
                3.15,
                -7.17
            ],
            "PanTilt": [
                -79.64999999999999,
                30.07700000000002
            ],
            "PanTiltOffset": [
                191.98721313476562,
                119.87315368652344
            ],
            "Distance": null,
            "HomogTarget": [
                -5.475478849178129,
                3.2235395742720834
            ]
        },
        {
            "Target": [
                0.19,
                3.15,
                -7.22
            ],
            "PanTilt": [
                65.89999999999999,
                -1.8
            ],
            "PanTiltOffset": [
                -172.81832885742188,
                176.19287109375
            ],
            "Distance": null,
            "HomogTarget": [
                2.2355279995042396,
                -0.07696282568290076
            ]
        },
        {
            "Target": [
                0.14,
                3.27,
                -0.47
            ],
            "PanTilt": [
                13.019999999999998,
                -14.799999999999997
            ],
            "PanTiltOffset": [
                -169.7416534423828,
                209.78765869140625
            ],
            "Distance": null,
            "HomogTarget": [
                0.2312358918755368,
                -0.27118311251402993
            ]
        }
    ],
    "DataPointsBtm": [
        {
            "Target": [
                8.42,
                0.26,
                -0.6
            ],
            "PanTilt": [
                -30.700000000000003,
                20.970000000000002
            ],
            "PanTiltOffset": [
                188.8391571044922,
                140.60250854492188
            ],
            "Distance": null,
            "HomogTarget": [
                -0.593756549556416,
                0.44573168725656503
            ]
        },
        {
            "Target": [
                8.15,
                0.26,
                -7.42
            ],
            "PanTilt": [
                -64.13999999999999,
                52.83700000000002
            ],
            "PanTiltOffset": [
                191.8977508544922,
                75.03704833984375
            ],
            "Distance": null,
            "HomogTarget": [
                -2.063083038485491,
                3.024527978389463
            ]
        },
        {
            "Target": [
                0.19,
                0.26,
                -7.22
            ],
            "PanTilt": [
                59.599999999999994,
                32.4
            ],
            "PanTiltOffset": [
                -174.17984008789062,
                115.10572814941406
            ],
            "Distance": null,
            "HomogTarget": [
                1.7044587344980768,
                1.2541046517840573
            ]
        },
        {
            "Target": [
                0.14,
                0.26,
                -0.47
            ],
            "PanTilt": [
                18.1,
                4.1
            ],
            "PanTiltOffset": [
                -171.31076049804688,
                172.5005645751953
            ],
            "Distance": null,
            "HomogTarget": [
                0.32685038163302155,
                0.07541263012075895
            ]
        }
    ],
    "HomographyTop": [
        [
            -0.11287692014337375,
            -0.020307021660894285,
            0.2246150033490911
        ],
        [
            0.043764225709488194,
            -0.03582940257167555,
            -0.27904558076022595
        ],
        [
            -0.0061618610462531006,
            0.11667075378413097,
            1.0
        ]
    ],
    "HomographyBtm": [
        [
            -0.10437190077112715,
            -0.01411357102922189,
            0.3185176977383509
        ],
        [
            0.04086325298009564,
            -0.032748311087304555,
            0.0505366237342368
        ],
        [
            -0.0008386661147716838,
            0.10593042465324126,
            0.9999999999999999
        ]
    ],
    "HomographySide_1": [
        [
            -0.028728778307779528,
            -0.021433601477293066,
            -0.5540121717656246
        ],
        [
            -0.10190325821856164,
            -0.026120810318551305,
            0.4226712686626479
        ],
        [
            -0.04572589861744848,
            0.10687895804365619,
            1.0
        ]
    ],
    "HomographySide_2": [
        [
            -0.03800204035788872,
            -0.010096915269003253,
            0.31260759225143453
        ],
        [
            -0.0987989573575244,
            -0.030435044421675137,
            0.082324947165128
        ],
        [
            -0.03511434029626515,
            0.10671625537688119,
            1.0
        ]
    ],
    "Axis": "z",
    "DMXStartingAddress": 82
}