{
    "Position": [
        9.1,
        1.5,
        -9.2
    ],
    "Rotation": [
        0.0,
        180.0,
        20.0
    ],
    "PanTiltDirection": [
        0.5,
        -88.1
    ],
    "DataPointsTop": [
        {
            "Target": [
                8.42,
                3.33,
                -0.6
            ],
            "PanTilt": [
                9.461,
                30.014999999999997
            ],
            "PanTiltOffset": [
                169.95175170898438,
                135.2955322265625
            ],
            "Distance": null,
            "HomogTarget": [
                0.16664294884990127,
                0.585665779264303
            ]
        },
        {
            "Target": [
                8.63,
                3.15,
                -7.17
            ],
            "PanTilt": [
                13.960999999999999,
                67.44
            ],
            "PanTiltOffset": [
                -191.00270080566406,
                70.58134460449219
            ],
            "Distance": null,
            "HomogTarget": [
                0.24860513300216383,
                2.4803499910438305
            ]
        },
        {
            "Target": [
                0.19,
                3.15,
                -7.22
            ],
            "PanTilt": [
                -81.80000000000001,
                35.0
            ],
            "PanTiltOffset": [
                185.5288848876953,
                113.38314819335938
            ],
            "Distance": null,
            "HomogTarget": [
                -3.533925078986353,
                2.180681691051706
            ]
        },
        {
            "Target": [
                0.14,
                3.27,
                -0.47
            ],
            "PanTilt": [
                -41.16999999999999,
                35.59
            ],
            "PanTiltOffset": [
                178.8380889892578,
                120.53524780273438
            ],
            "Distance": null,
            "HomogTarget": [
                -0.7784787602548501,
                0.4786170176843317
            ]
        }
    ],
    "DataPointsBtm": [
        {
            "Target": [
                8.42,
                0.26,
                -0.6
            ],
            "PanTilt": [
                1.3,
                10.9
            ],
            "PanTiltOffset": [
                171.153076171875,
                173.3429718017578
            ],
            "Distance": null,
            "HomogTarget": [
                0.022693174584357753,
                0.19261922571616197
            ]
        },
        {
            "Target": [
                8.15,
                0.26,
                -7.42
            ],
            "PanTilt": [
                -22.639,
                -5.819999999999997
            ],
            "PanTiltOffset": [
                165.64559936523438,
                204.70254516601562
            ],
            "Distance": null,
            "HomogTarget": [
                -0.41705867173317546,
                -0.11043843118305663
            ]
        },
        {
            "Target": [
                0.19,
                0.26,
                -7.22
            ],
            "PanTilt": [
                -76.24000000000001,
                16.14
            ],
            "PanTiltOffset": [
                178.42489624023438,
                150.1693572998047
            ],
            "Distance": 9.21119499206543,
            "HomogTarget": [
                -3.9811668754494796,
                0.887497249699757
            ]
        },
        {
            "Target": [
                0.14,
                0.26,
                -0.47
            ],
            "PanTilt": [
                -41.699999999999996,
                21.599999999999998
            ],
            "PanTiltOffset": [
                175.82913208007812,
                147.81028747558594
            ],
            "Distance": null,
            "HomogTarget": [
                -0.8785214660561885,
                0.1918129655220573
            ]
        }
    ],
    "HomographyTop": [
        [
            0.11361707481643582,
            0.017791468597414588,
            -0.7909047459288516
        ],
        [
            0.010493100027841104,
            -0.01093107218997354,
            0.45010376589226403
        ],
        [
            -0.0008591580362317876,
            0.10362758600393174,
            0.9999999999999999
        ]
    ],
    "HomographyBtm": [
        [
            0.10255020225494893,
            -0.02522389523102223,
            -0.870148068734688
        ],
        [
            -0.013160249519088127,
            0.005116087874453628,
            0.18567861103894087
        ],
        [
            -0.06658414358131814,
            0.11101188495459,
            1.0
        ]
    ],
    "HomographySide_1": [
        [
            0.03630040803640057,
            0.015261520064493377,
            0.020712243021646353
        ],
        [
            0.09356763723948217,
            0.029354017921064724,
            0.17147670639984325
        ],
        [
            -0.0424664355743804,
            0.10643259342150563,
            1.0
        ]
    ],
    "HomographySide_2": [
        [
            0.03491281381066835,
            0.0008011307893075916,
            -0.8550933424467074
        ],
        [
            0.09984787420968788,
            -0.0007388737700470385,
            0.14348957662924616
        ],
        [
            -8.882587936898618e-05,
            0.10813498417172493,
            1.0
        ]
    ],
    "Axis": "z",
    "DMXStartingAddress": 190
}