{
    "Position": [
        -0.1,
        1.5,
        -9.2
    ],
    "Rotation": [
        0.0,
        180.0,
        -20.0
    ],
    "PanTiltDirection": [
        0.0,
        -90.0
    ],
    "DataPointsTop": [
        {
            "Target": [
                8.42,
                3.33,
                -0.6
            ],
            "PanTilt": [
                39.92,
                38.565
            ],
            "PanTiltOffset": [
                -179.2847137451172,
                119.19650268554688
            ],
            "Distance": null,
            "HomogTarget": [
                0.836723058061439,
                1.0395710307331065
            ]
        },
        {
            "Target": [
                8.63,
                3.15,
                -7.17
            ],
            "PanTilt": [
                82.72,
                37.824999999999996
            ],
            "PanTiltOffset": [
                -187.60159301757812,
                112.3232192993164
            ],
            "Distance": null,
            "HomogTarget": [
                7.827900406146433,
                6.126804237239239
            ]
        },
        {
            "Target": [
                0.19,
                3.15,
                -7.22
            ],
            "PanTilt": [
                -39.2,
                60.50000000000001
            ],
            "PanTiltOffset": [
                210.81581115722656,
                80.00238037109375
            ],
            "Distance": null,
            "HomogTarget": [
                -0.2253597329968453,
                0.8241846970840305
            ]
        },
        {
            "Target": [
                0.14,
                3.27,
                -0.47
            ],
            "PanTilt": [
                -12.77,
                31.0
            ],
            "PanTiltOffset": [
                190.27857971191406,
                137.70465087890625
            ],
            "Distance": null,
            "HomogTarget": [
                -0.043136357952621655,
                0.15674144576817312
            ]
        }
    ],
    "DataPointsBtm": [
        {
            "Target": [
                8.42,
                0.26,
                -0.6
            ],
            "PanTilt": [
                40.519999999999996,
                23.675000000000004
            ],
            "PanTiltOffset": [
                -176.09095764160156,
                148.0625762939453
            ],
            "Distance": null,
            "HomogTarget": [
                0.8546845587884446,
                0.5767705660472193
            ]
        },
        {
            "Target": [
                8.15,
                0.26,
                -7.42
            ],
            "PanTilt": [
                76.22,
                17.725
            ],
            "PanTiltOffset": [
                -178.50140380859375,
                151.07814025878906
            ],
            "Distance": null,
            "HomogTarget": [
                4.077414362160134,
                1.3418513534832515
            ]
        },
        {
            "Target": [
                0.19,
                0.26,
                -7.22
            ],
            "PanTilt": [
                4.609999999999998,
                -8.399999999999999
            ],
            "PanTiltOffset": [
                -165.226806640625,
                215.32528686523438
            ],
            "Distance": 2.3541665077209473,
            "HomogTarget": [
                0.281087323102473,
                -0.479971778648532
            ]
        },
        {
            "Target": [
                0.14,
                0.26,
                -0.47
            ],
            "PanTilt": [
                -4.6,
                12.549999999999997
            ],
            "PanTiltOffset": [
                -171.14425659179688,
                174.50326538085938
            ],
            "Distance": null,
            "HomogTarget": [
                0.06817316069631632,
                -0.12840029373076342
            ]
        }
    ],
    "HomographyTop": [
        [
            0.16010118864666906,
            -0.019302435936796692,
            -0.12072318240094598
        ],
        [
            0.1763003660656252,
            0.07321625864900873,
            0.09874184103615738
        ],
        [
            0.07136980200778328,
            0.20044032884263835,
            0.9999999999999999
        ]
    ],
    "HomographyBtm": [
        [
            0.050341436304805094,
            -0.011469811894190692,
            0.03785920978700644
        ],
        [
            0.05552172510676232,
            0.01843970641656659,
            -0.14019090024459432
        ],
        [
            -0.04914611599218864,
            0.06316418839909912,
            1.0
        ]
    ],
    "HomographySide_1": [
        [
            -0.045878920786286144,
            -0.004290559368496486,
            0.7989260074838067
        ],
        [
            0.0889786053217059,
            0.03861544491774048,
            0.5328650789312328
        ],
        [
            -0.048372028992160476,
            0.10601098842298776,
            1.0
        ]
    ],
    "HomographySide_2": [
        [
            -0.038616283743571546,
            0.0007822476067670793,
            0.0809825107280829
        ],
        [
            0.09880223422633717,
            -0.003000959076065402,
            -0.16355001748892717
        ],
        [
            -0.0026200237684121212,
            0.10797527282427233,
            0.9999999999999999
        ]
    ],
    "Axis": "z",
    "DMXStartingAddress": 1
}