{
    "Position": [
        5.0,
        3.5,
        1.0
    ],
    "Rotation": [
        180.0,
        0.0,
        0.0
    ],
    "PanTiltDirection": [
        0.0,
        90.0
    ],
    "DataPointsTop": [
        {
            "Target": [
                8.42,
                3.33,
                -0.6
            ],
            "PanTilt": [
                66.37535552978517,
                -12.803793334960936
            ],
            "PanTiltOffset": [
                48.69654083251953,
                15.381736755371094
            ],
            "Distance": null,
            "HomogTarget": [
                2.2862285940260048,
                -0.5671065158601417
            ]
        },
        {
            "Target": [
                8.15,
                3.2800000000000002,
                -7.42
            ],
            "PanTilt": [
                20.275982208251953,
                -5.611950988769531
            ],
            "PanTiltOffset": [
                139.2127227783203,
                7.0138092041015625
            ],
            "Distance": null,
            "HomogTarget": [
                0.369434757105531,
                -0.10475251565168804
            ]
        },
        {
            "Target": [
                0.19,
                3.15,
                -7.22
            ],
            "PanTilt": [
                -30.567999999999998,
                -5.117700000000001
            ],
            "PanTiltOffset": [
                -119.09761810302734,
                7.22235107421875
            ],
            "Distance": null,
            "HomogTarget": [
                -0.5906447564997312,
                -0.10401427432090199
            ]
        },
        {
            "Target": [
                0.14,
                3.27,
                -0.47
            ],
            "PanTilt": [
                -74.378,
                -9.7277
            ],
            "PanTiltOffset": [
                -32.450950622558594,
                12.321327209472656
            ],
            "Distance": null,
            "HomogTarget": [
                -3.576295317413896,
                -0.6366036235921642
            ]
        }
    ],
    "DataPointsBtm": [
        {
            "Target": [
                8.42,
                0.26,
                -0.6
            ],
            "PanTilt": [
                65.93535552978514,
                -46.75755004882812
            ],
            "PanTiltOffset": [
                49.13654327392578,
                87.39059448242188
            ],
            "Distance": null,
            "HomogTarget": [
                2.239234044848856,
                -2.607645464485774
            ]
        },
        {
            "Target": [
                8.15,
                0.26,
                -7.42
            ],
            "PanTilt": [
                20.595982208251954,
                -24.224061584472658
            ],
            "PanTiltOffset": [
                138.89273071289062,
                44.04338073730469
            ],
            "Distance": null,
            "HomogTarget": [
                0.37579526006236535,
                -0.48064339377441506
            ]
        },
        {
            "Target": [
                0.19,
                0.26,
                -7.22
            ],
            "PanTilt": [
                -30.688010000000002,
                -22.817719999999998
            ],
            "PanTiltOffset": [
                -118.97760772705078,
                41.605873107910156
            ],
            "Distance": 10.059925079345703,
            "HomogTarget": [
                -0.5934735440325962,
                -0.48923869338831333
            ]
        },
        {
            "Target": [
                0.14,
                0.26,
                -0.47
            ],
            "PanTilt": [
                -74.27799999999998,
                -38.29769999999999
            ],
            "PanTiltOffset": [
                -32.55094909667969,
                70.84027862548828
            ],
            "Distance": null,
            "HomogTarget": [
                -3.5523766934485166,
                -2.9142968649863747
            ]
        }
    ],
    "HomographyTop": [
        [
            1.1854087437108722,
            0.026046484739597076,
            -5.758848499535281
        ],
        [
            -0.005500352985024478,
            0.0014191432420723614,
            -0.9963127235311909
        ],
        [
            0.014049679037934849,
            -1.2028394695824545,
            1.0
        ]
    ],
    "HomographyBtm": [
        [
            1.1249503263034528,
            0.005765975738215664,
            -5.590095332609119
        ],
        [
            -0.006943284264613403,
            0.0010415277612267416,
            -4.457556907867667
        ],
        [
            0.006724514703513153,
            -1.1257618669517926,
            1.0
        ]
    ],
    "HomographySide_1": [
        [
            -0.026723471435408902,
            0.05060374364292616,
            3.665120301969709
        ],
        [
            1.0896216143435866,
            -0.003827449892000997,
            -4.510276010778702
        ],
        [
            -0.022536541134303208,
            -1.0432858861718064,
            1.0
        ]
    ],
    "HomographySide_2": [
        [
            0.0122342802408752,
            -0.03790927970818894,
            -5.28951321886104
        ],
        [
            1.1265471529407065,
            -0.028140458735496397,
            -4.628309632708687
        ],
        [
            -0.006716317480344857,
            -1.031578763105397,
            0.9999999999999999
        ]
    ],
    "Axis": "z",
    "DMXStartingAddress": 63
}