{
    "Position": [
        2.9,
        0.3,
        -9.2
    ],
    "Rotation": [
        0.0,
        180.0,
        -20.0
    ],
    "PanTiltDirection": [
        0.0,
        -90.0
    ],
    "DataPointsTop": [
        {
            "Target": [
                8.42,
                3.33,
                -0.6
            ],
            "PanTilt": [
                25.2,
                42.525
            ],
            "PanTiltOffset": [
                -179.43576049804688,
                111.09950256347656
            ],
            "Distance": 10.658859252929688,
            "HomogTarget": [
                0.5095254494944288,
                0.5449723399647339
            ]
        },
        {
            "Target": [
                8.63,
                3.15,
                -7.17
            ],
            "PanTilt": [
                77.37,
                50.6
            ],
            "PanTiltOffset": [
                -192.08901977539062,
                85.70718383789062
            ],
            "Distance": 6.713888645172119,
            "HomogTarget": [
                2.5257116894473057,
                2.533151020047338
            ]
        },
        {
            "Target": [
                0.475,
                3.15,
                -7.28
            ],
            "PanTilt": [
                -57.699999999999996,
                26.4
            ],
            "PanTiltOffset": [
                178.24618530273438,
                127.52444458007812
            ],
            "Distance": null,
            "HomogTarget": [
                -1.5818435797785024,
                0.9289831167659468
            ]
        },
        {
            "Target": [
                0.45,
                3.15,
                -0.39
            ],
            "PanTilt": [
                -18.8,
                12.3
            ],
            "PanTiltOffset": [
                178.3966064453125,
                156.62335205078125
            ],
            "Distance": null,
            "HomogTarget": [
                -0.34042776856036927,
                0.230323172073658
            ]
        }
    ],
    "DataPointsBtm": [
        {
            "Target": [
                8.42,
                0.26,
                -0.6
            ],
            "PanTilt": [
                27.8,
                26.299999999999997
            ],
            "PanTiltOffset": [
                -176.63687133789062,
                143.26806640625
            ],
            "Distance": 10.219197273254395,
            "HomogTarget": [
                0.6080095301944052,
                0.2530346054379985
            ]
        },
        {
            "Target": [
                8.15,
                0.26,
                -7.42
            ],
            "PanTilt": [
                68.8,
                23.77
            ],
            "PanTiltOffset": [
                -178.58920288085938,
                137.74111938476562
            ],
            "Distance": 5.543689727783203,
            "HomogTarget": [
                2.937480700322677,
                1.0684587853614813
            ]
        },
        {
            "Target": [
                0.475,
                0.4,
                -7.28
            ],
            "PanTilt": [
                -46.5,
                -15.200000000000001
            ],
            "PanTiltOffset": [
                176.19627380371094,
                208.94749450683594
            ],
            "Distance": null,
            "HomogTarget": [
                -1.0537801252809622,
                -0.39470063296021063
            ]
        },
        {
            "Target": [
                0.45,
                0.4,
                -0.39
            ],
            "PanTilt": [
                -13.0,
                -3.3000000000000003
            ],
            "PanTiltOffset": [
                178.14683532714844,
                187.96646118164062
            ],
            "Distance": null,
            "HomogTarget": [
                -0.23086819112556312,
                -0.059176322524586614
            ]
        }
    ],
    "HomographyTop": [
        [
            0.10078733078289726,
            0.000702460346989813,
            -0.37063285094700416
        ],
        [
            0.03710247770354589,
            0.004155860422151818,
            0.20518369495967956
        ],
        [
            -0.0028929300753964397,
            0.10870237253019878,
            1.0
        ]
    ],
    "HomographyBtm": [
        [
            0.091205253537487,
            0.009917313400043455,
            -0.2575146851346616
        ],
        [
            0.03350206377976337,
            0.007493360561464245,
            -0.06863126453982157
        ],
        [
            -0.015522630000020153,
            0.09901820520555343,
            1.0
        ]
    ],
    "HomographySide_1": [
        [
            -0.036138387711701046,
            -0.00040528109938296205,
            0.6083343480036266
        ],
        [
            0.10247234246231839,
            0.004320985259504934,
            0.20706290078212777
        ],
        [
            -0.0022639473710053893,
            0.1110086853737357,
            1.0
        ]
    ],
    "HomographySide_2": [
        [
            -0.037396606353839346,
            0.0004206489874287222,
            -0.20581727764293808
        ],
        [
            0.10025154021276036,
            0.003949006505224769,
            -0.09519201762592715
        ],
        [
            -0.002144268775986627,
            0.10806699136722844,
            1.0
        ]
    ],
    "Axis": "z",
    "DMXStartingAddress": 82
}