{
    "Position": [
        7.1,
        4.4,
        -8.0
    ],
    "Rotation": [
        200.0,
        0.0,
        -20.0
    ],
    "PanTiltDirection": [
        0.0,
        -90.0
    ],
    "DataPointsTop": [
        {
            "Target": [
                8.42,
                3.33,
                -0.6
            ],
            "PanTilt": [
                -4.109999999999999,
                -15.32
            ],
            "PanTiltOffset": [
                171.43621826171875,
                210.67381286621094
            ],
            "Distance": null,
            "HomogTarget": [
                -0.0718563231913414,
                -0.2746505907984954
            ]
        },
        {
            "Target": [
                8.63,
                3.15,
                -7.17
            ],
            "PanTilt": [
                -48.62,
                8.699999999999998
            ],
            "PanTiltOffset": [
                166.88128662109375,
                162.4912109375
            ],
            "Distance": null,
            "HomogTarget": [
                -1.1350758342121618,
                0.23148249908178611
            ]
        },
        {
            "Target": [
                0.19,
                3.15,
                -7.22
            ],
            "PanTilt": [
                79.60000000000001,
                24.599999999999998
            ],
            "PanTiltOffset": [
                -187.36163330078125,
                129.75502014160156
            ],
            "Distance": 7.065337657928467,
            "HomogTarget": [
                3.6553843546522615,
                1.6793643901111486
            ]
        },
        {
            "Target": [
                0.14,
                3.27,
                -0.47
            ],
            "PanTilt": [
                43.50000000000001,
                5.099999999999999
            ],
            "PanTiltOffset": [
                -186.791015625,
                171.2356719970703
            ],
            "Distance": 10.315978050231934,
            "HomogTarget": [
                0.8011510705587512,
                -0.02907776833267327
            ]
        }
    ],
    "DataPointsBtm": [
        {
            "Target": [
                8.42,
                0.26,
                -0.6
            ],
            "PanTilt": [
                -10.819999999999997,
                4.71
            ],
            "PanTiltOffset": [
                172.7257080078125,
                170.60763549804688
            ],
            "Distance": null,
            "HomogTarget": [
                -0.19112199449060557,
                0.08388195252554694
            ]
        },
        {
            "Target": [
                8.15,
                0.26,
                -7.42
            ],
            "PanTilt": [
                -47.650000000000006,
                44.96
            ],
            "PanTiltOffset": [
                173.76136779785156,
                88.66900634765625
            ],
            "Distance": null,
            "HomogTarget": [
                -1.0970608537060351,
                1.4823621848413222
            ]
        },
        {
            "Target": [
                0.19,
                0.26,
                -7.22
            ],
            "PanTilt": [
                61.041,
                41.6
            ],
            "PanTiltOffset": [
                -180.53451538085938,
                94.51876831054688
            ],
            "Distance": 8.092966079711914,
            "HomogTarget": [
                1.807096210736403,
                1.8336876511436677
            ]
        },
        {
            "Target": [
                0.14,
                0.26,
                -0.47
            ],
            "PanTilt": [
                35.68,
                19.0
            ],
            "PanTiltOffset": [
                -186.6171875,
                143.54367065429688
            ],
            "Distance": 11.058124542236328,
            "HomogTarget": [
                0.5961196403932975,
                0.2284067051712139
            ]
        }
    ],
    "HomographyTop": [
        [
            -0.10398093520367518,
            0.018631312497566846,
            0.8197399414161047
        ],
        [
            -0.029848989422863813,
            -0.046464130639349656,
            -0.03247939459103586
        ],
        [
            -6.789955597772186e-06,
            0.11351083925428579,
            1.0
        ]
    ],
    "HomographyBtm": [
        [
            -0.09341647889047748,
            0.014532830966216383,
            0.6195904151863432
        ],
        [
            -0.018803411084842046,
            -0.03739840396369862,
            0.21299730131037742
        ],
        [
            -0.002351089753808842,
            0.10152736208071274,
            1.0
        ]
    ],
    "HomographySide_1": [
        [
            0.03927575770372833,
            0.007304877137261926,
            -0.18255640925454178
        ],
        [
            -0.09517461460585394,
            -0.033511524716482166,
            0.08220286448535487
        ],
        [
            -0.04666113253176881,
            0.10530520105585081,
            0.9999999999999999
        ]
    ],
    "HomographySide_2": [
        [
            0.036488977521619496,
            0.007013414970399807,
            0.5518507827997435
        ],
        [
            -0.08730585334641619,
            -0.0445549258721175,
            0.23353512832577925
        ],
        [
            -0.04245712255869006,
            0.0958536317999006,
            0.9999999999999999
        ]
    ],
    "Axis": "z",
    "DMXStartingAddress": 136
}