{"Position": [9.1, 3.6, -8.0], "Rotation": [210.0, 0.0, -20.0], "PanTiltDirection": [0.0, -90.0], "DataPointsTop": [{"Target": [8.5, 3.15, -0.2], "PanTilt": [6.200000000000005, -23.2], "PanTiltOffset": [-182.88134765625, 228.55911254882812], "Distance": 7.83597469329834, "HomogTarget": [-2.270277894166337, -2.176161320243653]}], "DataPointsBtm": [{"Target": [8.5, 0.4, -0.2], "PanTilt": [-0.5999999999999958, -4.9], "PanTiltOffset": [176.96853637695312, 192.5018310546875], "Distance": 8.452219009399414, "HomogTarget": [-1.1269621974862376, -1.2316643587985907]}], "HomographyTop": [[0.25561535033706645, -5.784345285483401e-09, -2.2702779769897465], [4.165393229430481e-08, -0.2720201665324534, -2.1761612892150892], [-0.09303636444521103, -4.412653901419944e-08, 0.9999999999999999]], "HomographyBtm": [[0.14467323066839768, 1.3448880052640631e-09, -1.1269621849060059], [5.726827457005352e-09, -0.15395802443386594, -1.2316642999649048], [-0.05265675160130207, -1.193374567791476e-09, 0.9999999999999999]], "HomographySide_1": [[0.14467323479134853, -0.05265675367701074, -1.1269621849060063], [-2.3274779033255517e-08, 1.279581518982703e-08, -1.2316642999649057], [-0.0526567392136461, -0.14467325749528062, 1.0]], "HomographySide_2": [[0.14467322867020344, -0.05265673366917763, -1.1269621849060065], [5.336122239147822e-09, 4.605232777091144e-08, 0.15395791828632333], [-0.05265675237082635, -0.14467318705786977, 1.0]], "Axis": "y", "DMXStartingAddress": 190}