{
    "Position": [
        0.889,
        3.833,
        -8.263
    ],
    "Rotation": [
        200.0,
        0.0,
        20.0
    ],
    "PanTiltDirection": [
        0.0,
        -90.0
    ],
    "DataPointsTop": [
        {
            "Target": [
                8.42,
                3.33,
                -0.6
            ],
            "PanTilt": [
                -45.9,
                4.04
            ],
            "PanTiltOffset": [
                185.5523681640625,
                173.37088012695312
            ],
            "Distance": null,
            "HomogTarget": [
                -1.0319199492804956,
                0.10149029023425149
            ]
        },
        {
            "Target": [
                8.63,
                3.15,
                -7.17
            ],
            "PanTilt": [
                -81.98,
                22.257
            ],
            "PanTiltOffset": [
                187.65956115722656,
                135.5741424560547
            ],
            "Distance": null,
            "HomogTarget": [
                -7.0973926304726795,
                2.9333218434058916
            ]
        },
        {
            "Target": [
                0.19,
                3.15,
                -7.22
            ],
            "PanTilt": [
                35.39,
                -3.5
            ],
            "PanTiltOffset": [
                -169.32986450195312,
                172.6236572265625
            ],
            "Distance": null,
            "HomogTarget": [
                0.7104003625880349,
                -0.07502508943135783
            ]
        },
        {
            "Target": [
                0.14,
                3.27,
                -0.47
            ],
            "PanTilt": [
                0.7699999999999996,
                -15.6
            ],
            "PanTiltOffset": [
                -173.16786193847656,
                212.22254943847656
            ],
            "Distance": null,
            "HomogTarget": [
                0.01343984436308239,
                -0.279230231951333
            ]
        }
    ],
    "DataPointsBtm": [
        {
            "Target": [
                8.42,
                0.26,
                -0.6
            ],
            "PanTilt": [
                -38.5,
                18.42
            ],
            "PanTiltOffset": [
                185.85975646972656,
                145.03054809570312
            ],
            "Distance": null,
            "HomogTarget": [
                -0.7954359166678285,
                0.4255558287574453
            ]
        },
        {
            "Target": [
                8.15,
                0.26,
                -7.42
            ],
            "PanTilt": [
                -71.48000000000002,
                42.657
            ],
            "PanTiltOffset": [
                186.60537719726562,
                95.7020263671875
            ],
            "Distance": null,
            "HomogTarget": [
                -2.9852215707422163,
                2.90076009165313
            ]
        },
        {
            "Target": [
                0.19,
                0.26,
                -7.22
            ],
            "PanTilt": [
                40.79,
                43.8
            ],
            "PanTiltOffset": [
                -174.36602783203125,
                89.93902587890625
            ],
            "Distance": null,
            "HomogTarget": [
                0.8628723181856386,
                1.2666147293124141
            ]
        },
        {
            "Target": [
                0.14,
                0.26,
                -0.47
            ],
            "PanTilt": [
                7.600000000000001,
                4.2
            ],
            "PanTiltOffset": [
                -173.91941833496094,
                172.52120971679688
            ],
            "Distance": null,
            "HomogTarget": [
                0.13342848743428662,
                0.0740862169836322
            ]
        }
    ],
    "HomographyTop": [
        [
            -0.11128762319319459,
            -0.016033459666519055,
            0.020740997697538285
        ],
        [
            0.04204747439645395,
            -0.03696298027685213,
            -0.2870446330609752
        ],
        [
            -0.0061584975180667325,
            0.11585118029182563,
            1.0
        ]
    ],
    "HomographyBtm": [
        [
            -0.10526810177296866,
            -0.01204320871822064,
            0.13585735364310947
        ],
        [
            0.03899933295039518,
            -0.03338648638633704,
            0.049243161117021136
        ],
        [
            -0.00023870465733361756,
            0.10594404078385444,
            1.0
        ]
    ],
    "HomographySide_1": [
        [
            -0.024144210990107707,
            -0.0203370311002544,
            -0.7412248791829826
        ],
        [
            -0.10220713071339727,
            -0.02732235442774353,
            0.4035638185095848
        ],
        [
            -0.04560705754625059,
            0.10623860679201702,
            1.0
        ]
    ],
    "HomographySide_2": [
        [
            -0.037981896809967386,
            -0.009724339569214955,
            0.13077064903933108
        ],
        [
            -0.10003949275692821,
            -0.03123840124670303,
            0.0809931517848609
        ],
        [
            -0.03701742224562421,
            0.10649584208940245,
            1.0
        ]
    ],
    "Axis": "z",
    "DMXStartingAddress": 28
}