{
    "Position": [
        -0.1,
        1.5,
        -9.2
    ],
    "Rotation": [
        -20.0,
        180.0,
        -20.0
    ],
    "PanTiltDirection": [
        0.0,
        -90.0
    ],
    "DataPointsTop": [
        {
            "Target": [
                8.42,
                3.33,
                -0.6
            ],
            "PanTilt": [
                39.92,
                38.565
            ],
            "PanTiltOffset": [
                -179.2847137451172,
                119.19650268554688
            ],
            "Distance": null,
            "HomogTarget": [
                0.836723058061439,
                1.0395710307331065
            ]
        },
        {
            "Target": [
                8.63,
                3.15,
                -7.17
            ],
            "PanTilt": [
                82.72,
                37.824999999999996
            ],
            "PanTiltOffset": [
                -187.60159301757812,
                112.3232192993164
            ],
            "Distance": null,
            "HomogTarget": [
                7.827900406146433,
                6.126804237239239
            ]
        },
        {
            "Target": [
                0.19,
                3.15,
                -7.22
            ],
            "PanTilt": [
                -39.2,
                60.50000000000001
            ],
            "PanTiltOffset": [
                210.81581115722656,
                80.00238037109375
            ],
            "Distance": null,
            "HomogTarget": [
                -0.8155800988038463,
                2.2808008083242184
            ]
        },
        {
            "Target": [
                0.14,
                3.27,
                -0.47
            ],
            "PanTilt": [
                -12.77,
                31.0
            ],
            "PanTiltOffset": [
                190.27857971191406,
                137.70465087890625
            ],
            "Distance": null,
            "HomogTarget": [
                -0.22664386570795234,
                0.6160997078171587
            ]
        }
    ],
    "DataPointsBtm": [
        {
            "Target": [
                8.42,
                0.26,
                -0.6
            ],
            "PanTilt": [
                40.519999999999996,
                23.675000000000004
            ],
            "PanTiltOffset": [
                -176.09095764160156,
                148.0625762939453
            ],
            "Distance": null,
            "HomogTarget": [
                0.8546845587884446,
                0.5767705660472193
            ]
        },
        {
            "Target": [
                8.15,
                0.26,
                -7.42
            ],
            "PanTilt": [
                76.22,
                17.725
            ],
            "PanTiltOffset": [
                -178.50140380859375,
                151.07814025878906
            ],
            "Distance": null,
            "HomogTarget": [
                4.077414362160134,
                1.3418513534832515
            ]
        },
        {
            "Target": [
                0.19,
                0.26,
                -7.22
            ],
            "PanTilt": [
                4.609999999999998,
                -8.399999999999999
            ],
            "PanTiltOffset": [
                -165.226806640625,
                215.32528686523438
            ],
            "Distance": null,
            "HomogTarget": [
                0.08063375484808477,
                -0.1481464261597483
            ]
        },
        {
            "Target": [
                0.14,
                0.26,
                -0.47
            ],
            "PanTilt": [
                -4.6,
                12.549999999999997
            ],
            "PanTiltOffset": [
                -171.14425659179688,
                174.50326538085938
            ],
            "Distance": null,
            "HomogTarget": [
                -0.08045808961468598,
                0.22332976716581476
            ]
        }
    ],
    "HomographyTop": [
        [
            0.11607082208766811,
            -0.014147939793240295,
            -0.2367108782612073
        ],
        [
            0.04283298066297116,
            0.03981061475033285,
            0.5939309190165931
        ],
        [
            -0.00393732061028644,
            0.11929389170966405,
            1.0
        ]
    ],
    "HomographyBtm": [
        [
            0.10707495137800127,
            -0.013174947839861093,
            -0.09758277180714796
        ],
        [
            0.04113338876743197,
            0.036589830741504945,
            0.22350430788913475
        ],
        [
            0.0017376574032885504,
            0.10782962473891013,
            1.0
        ]
    ],
    "HomographySide_1": [
        [
            -0.045878920786286144,
            -0.004290559368496486,
            0.7989260074838067
        ],
        [
            0.0889786053217059,
            0.03861544491774048,
            0.5328650789312328
        ],
        [
            -0.048372028992160476,
            0.10601098842298776,
            1.0
        ]
    ],
    "HomographySide_2": [
        [
            -0.042232135964521834,
            -0.013354814178827145,
            -0.07113965291322497
        ],
        [
            0.11335667692811573,
            0.035080959023446365,
            0.19753553055813478
        ],
        [
            -0.01565857181321857,
            0.11337424249217197,
            1.0
        ]
    ],
    "Axis": "z",
    "DMXStartingAddress": 1
}