{"Position": [4.0, 3.5, 1.0], "Rotation": [180.0, 0.0, 0.0], "PanTiltDirection": [0.0, 90.0], "DataPointsTop": [{"Target": [8.5, 3.15, -0.2], "PanTilt": [74.7685806274414, -13.79779052734375], "PanTiltOffset": [0.3000030517578125, 9.5], "Distance": 4.670385360717773, "HomogTarget": [-0.18601936962045082, -13.377543124220535]}], "DataPointsBtm": [{"Target": [8.5, 0.4, -0.2], "PanTilt": [75.06858825683594, -40.34886856079102], "PanTiltOffset": [0.0, 6.700000762939453], "Distance": 5.594640254974365, "HomogTarget": [-0.3328274668616223, -2.3411700088689247]}], "HomographyTop": [[1.571347742435137, 3.861894485313479e-08, -0.1860193759202949], [-2.3083436480378721e-07, -1.6721932235731913, -13.377543449401863], [0.5719237148464336, -2.6991147742344106e-07, 1.0]], "HomographyBtm": [[0.27499754665106374, -5.11277490442279e-09, -0.33282747864723117], [-8.22186401386974e-09, -0.2926462438402666, -2.3411700725555407], [0.10009093175966376, -4.536775927813748e-09, 1.0]], "HomographySide_1": [[0.27499748063958124, 0.10009089956719042, -0.3328274786472322], [6.392251505747293e-08, 2.259845135753189e-08, -2.3411700725555398], [0.10009087318495406, -0.2749975107259604, 1.0]], "HomographySide_2": [[0.2749975224043025, 0.10009087208072556, -0.3328274190425867], [-1.0000341094838595e-08, 8.657802072689545e-08, 0.2926461100578312], [0.10009091612114168, -0.2749974370607412, 1.0]], "Axis": "y", "DMXStartingAddress": 1}