{
    "Position": [
        2.9,
        4.8,
        -8.0
    ],
    "Rotation": [
        200.0,
        0.0,
        20.0
    ],
    "PanTiltDirection": [
        0.0,
        -90.0
    ],
    "DataPointsTop": [
        {
            "Target": [
                8.42,
                3.33,
                -0.6
            ],
            "PanTilt": [
                -39.099999999999994,
                5.6000000000000005
            ],
            "PanTiltOffset": [
                188.97225952148438,
                171.08120727539062
            ],
            "Distance": null,
            "HomogTarget": [
                -0.812677955452741,
                0.12634664163065837
            ]
        },
        {
            "Target": [
                8.63,
                3.15,
                -7.17
            ],
            "PanTilt": [
                -79.64999999999999,
                30.07700000000002
            ],
            "PanTiltOffset": [
                191.98721313476562,
                119.87315368652344
            ],
            "Distance": null,
            "HomogTarget": [
                -5.475478849178129,
                3.2235395742720834
            ]
        },
        {
            "Target": [
                0.19,
                3.15,
                -7.22
            ],
            "PanTilt": [
                65.89999999999999,
                -1.8
            ],
            "PanTiltOffset": [
                -172.81832885742188,
                176.19287109375
            ],
            "Distance": null,
            "HomogTarget": [
                2.5781539152714794,
                -0.0627534090927676
            ]
        },
        {
            "Target": [
                0.14,
                3.27,
                -0.47
            ],
            "PanTilt": [
                13.019999999999998,
                -14.799999999999997
            ],
            "PanTiltOffset": [
                -169.7416534423828,
                209.78765869140625
            ],
            "Distance": null,
            "HomogTarget": [
                0.25805904127692747,
                -0.3985091515741117
            ]
        }
    ],
    "DataPointsBtm": [
        {
            "Target": [
                8.42,
                0.26,
                -0.6
            ],
            "PanTilt": [
                -30.700000000000003,
                20.970000000000002
            ],
            "PanTiltOffset": [
                188.8391571044922,
                140.60250854492188
            ],
            "Distance": null,
            "HomogTarget": [
                -0.593756549556416,
                0.44573168725656503
            ]
        },
        {
            "Target": [
                8.15,
                0.26,
                -7.42
            ],
            "PanTilt": [
                -64.13999999999999,
                52.83700000000002
            ],
            "PanTiltOffset": [
                191.8977508544922,
                75.03704833984375
            ],
            "Distance": null,
            "HomogTarget": [
                -2.063083038485491,
                3.024527978389463
            ]
        },
        {
            "Target": [
                0.19,
                0.26,
                -7.22
            ],
            "PanTilt": [
                59.599999999999994,
                32.4
            ],
            "PanTiltOffset": [
                -174.17984008789062,
                115.10572814941406
            ],
            "Distance": 5.344539165496826,
            "HomogTarget": [
                1.612834890990818,
                1.0649352993774774
            ]
        },
        {
            "Target": [
                0.14,
                0.26,
                -0.47
            ],
            "PanTilt": [
                18.1,
                4.1
            ],
            "PanTiltOffset": [
                -171.31076049804688,
                172.5005645751953
            ],
            "Distance": null,
            "HomogTarget": [
                0.32685038163302155,
                -0.07172228552132215
            ]
        }
    ],
    "HomographyTop": [
        [
            -0.13042760201481457,
            0.002222171707077761,
            0.30569306861289325
        ],
        [
            0.06174941503034709,
            -0.05413803983856873,
            -0.4289948865891471
        ],
        [
            0.006200278404586753,
            0.12564277585941644,
            1.0
        ]
    ],
    "HomographyBtm": [
        [
            -0.11147520709434373,
            -0.0077573503476561076,
            0.36091447223681805
        ],
        [
            0.06143743997539714,
            -0.04469533593412025,
            -0.11393133855958974
        ],
        [
            0.0034512752931037402,
            0.10654926693087269,
            1.0
        ]
    ],
    "HomographySide_1": [
        [
            -0.028728778307779528,
            -0.021433601477293066,
            -0.5540121717656246
        ],
        [
            -0.10190325821856164,
            -0.026120810318551305,
            0.4226712686626479
        ],
        [
            -0.04572589861744848,
            0.10687895804365619,
            1.0
        ]
    ],
    "HomographySide_2": [
        [
            -0.03536871417590407,
            -0.010433921528509152,
            0.31787732163678567
        ],
        [
            -0.09366481234711578,
            -0.04618949952919408,
            -0.04808974391627788
        ],
        [
            -0.04577150584138162,
            0.10251021426521008,
            1.0
        ]
    ],
    "Axis": "z",
    "DMXStartingAddress": 82
}