{
    "Position": [
        1.9,
        0.7,
        -9.2
    ],
    "Rotation": [
        0.0,
        180.0,
        -20.0
    ],
    "PanTiltDirection": [
        0.0,
        -90.0
    ],
    "DataPointsTop": [
        {
            "Target": [
                8.42,
                3.33,
                -0.6
            ],
            "PanTilt": [
                30.5,
                41.425
            ],
            "PanTiltOffset": [
                -179.20777893066406,
                113.53556823730469
            ],
            "Distance": null,
            "HomogTarget": [
                0.589045016420551,
                1.0240999301505733
            ]
        },
        {
            "Target": [
                8.63,
                3.15,
                -7.17
            ],
            "PanTilt": [
                79.52000000000001,
                45.66
            ],
            "PanTiltOffset": [
                -189.82550048828125,
                96.13530731201172
            ],
            "Distance": null,
            "HomogTarget": [
                5.406047941504886,
                5.625900051277046
            ]
        },
        {
            "Target": [
                0.19,
                3.15,
                -7.22
            ],
            "PanTilt": [
                -68.39999999999999,
                40.99
            ],
            "PanTiltOffset": [
                197.40310668945312,
                110.38029479980469
            ],
            "Distance": null,
            "HomogTarget": [
                -2.525711689447304,
                2.360560732996872
            ]
        },
        {
            "Target": [
                0.14,
                3.27,
                -0.47
            ],
            "PanTilt": [
                -25.339999999999996,
                29.7
            ],
            "PanTiltOffset": [
                189.16087341308594,
                139.02005004882812
            ],
            "Distance": null,
            "HomogTarget": [
                -0.4735522410577551,
                0.6311131243788553
            ]
        }
    ],
    "DataPointsBtm": [
        {
            "Target": [
                8.42,
                0.26,
                -0.6
            ],
            "PanTilt": [
                32.5,
                25.600000000000005
            ],
            "PanTiltOffset": [
                -176.37367248535156,
                144.71810913085938
            ],
            "Distance": null,
            "HomogTarget": [
                0.6370702608074932,
                0.5680870060754036
            ]
        },
        {
            "Target": [
                8.15,
                0.26,
                -7.42
            ],
            "PanTilt": [
                71.712,
                21.3
            ],
            "PanTiltOffset": [
                -178.17471313476562,
                143.35031127929688
            ],
            "Distance": null,
            "HomogTarget": [
                3.0258463320168407,
                1.2424845682555596
            ]
        },
        {
            "Target": [
                0.19,
                0.26,
                -7.22
            ],
            "PanTilt": [
                -37.5,
                -6.100000000000001
            ],
            "PanTiltOffset": [
                181.16371154785156,
                208.205078125
            ],
            "Distance": 2.6529417037963867,
            "HomogTarget": [
                -0.7673269879789604,
                -0.13470564138684568
            ]
        },
        {
            "Target": [
                0.14,
                0.26,
                -0.47
            ],
            "PanTilt": [
                -16.54,
                12.399999999999997
            ],
            "PanTiltOffset": [
                186.76907348632812,
                174.1390838623047
            ],
            "Distance": null,
            "HomogTarget": [
                -0.2969730396321965,
                0.22935467583364388
            ]
        }
    ],
    "HomographyTop": [
        [
            0.11798950565540328,
            -0.013362884674633068,
            -0.46962173347397845
        ],
        [
            0.0403861463154641,
            0.03995833327256957,
            0.6086163887565276
        ],
        [
            -0.003034799909861061,
            0.11919142386508763,
            1.0
        ]
    ],
    "HomographyBtm": [
        [
            0.10790485630739909,
            -0.015553056077211623,
            -0.3045069763772187
        ],
        [
            0.04032848872688553,
            0.037040213644694564,
            0.22962357042755638
        ],
        [
            0.0032514104894361406,
            0.1075953423754969,
            1.0
        ]
    ],
    "HomographySide_1": [
        [
            -0.04309741003901911,
            -0.005286128612518939,
            0.596824572602134
        ],
        [
            0.08748969239184626,
            0.03936368044294027,
            0.5259063389783919
        ],
        [
            -0.04862025102665639,
            0.10523679932056547,
            1.0
        ]
    ],
    "HomographySide_2": [
        [
            -0.03623526651427849,
            -0.015745318611132653,
            -0.2770932894875667
        ],
        [
            0.10025803909946393,
            0.036430120615814195,
            0.20661718162563272
        ],
        [
            -0.03991335790094941,
            0.10587006436344824,
            1.0
        ]
    ],
    "Axis": "z",
    "DMXStartingAddress": 55
}