{
    "Position": [
        3.0,
        3.5,
        1.0
    ],
    "Rotation": [
        180.0,
        0.0,
        0.0
    ],
    "PanTiltDirection": [
        0.0,
        90.0
    ],
    "DataPointsTop": [
        {
            "Target": [
                8.42,
                3.33,
                -0.6
            ],
            "PanTilt": [
                74.89198608398438,
                -8.897716369628904
            ],
            "PanTiltOffset": [
                31.554771423339844,
                10.620773315429688
            ],
            "Distance": 5.6537861824035645,
            "HomogTarget": [
                3.7041047672758287,
                -0.6006570737779137
            ]
        },
        {
            "Target": [
                8.15,
                3.2800000000000002,
                -7.42
            ],
            "PanTilt": [
                31.93198608398438,
                -5.157716369628908
            ],
            "PanTiltOffset": [
                116.6164321899414,
                6.434600830078125
            ],
            "Distance": null,
            "HomogTarget": [
                0.6232200036683014,
                -0.10635745561512948
            ]
        },
        {
            "Target": [
                0.19,
                3.15,
                -7.22
            ],
            "PanTilt": [
                -19.113,
                -5.657700000000001
            ],
            "PanTiltOffset": [
                -142.0140380859375,
                7.964897155761719
            ],
            "Distance": 8.694077491760254,
            "HomogTarget": [
                -0.3281645056955349,
                -0.15462129896079968
            ]
        },
        {
            "Target": [
                0.14,
                3.27,
                -0.47
            ],
            "PanTilt": [
                -64.6053,
                -14.427399999999999
            ],
            "PanTiltOffset": [
                -52.59722900390625,
                18.518508911132812
            ],
            "Distance": 3.22387957572937,
            "HomogTarget": [
                -1.9462323630458251,
                -0.8852708112497499
            ]
        }
    ],
    "DataPointsBtm": [
        {
            "Target": [
                8.42,
                0.26,
                -0.6
            ],
            "PanTilt": [
                74.55,
                -36.4
            ],
            "PanTiltOffset": [
                31.896751403808594,
                66.22679138183594
            ],
            "Distance": null,
            "HomogTarget": [
                3.6181414799237506,
                -2.7675334981917583
            ]
        },
        {
            "Target": [
                8.15,
                0.26,
                -7.42
            ],
            "PanTilt": [
                31.49198608398438,
                -22.45771636962891
            ],
            "PanTiltOffset": [
                117.05642700195312,
                40.63086700439453
            ],
            "Distance": null,
            "HomogTarget": [
                0.6126084110453787,
                -0.48474586868581565
            ]
        },
        {
            "Target": [
                0.19,
                0.26,
                -7.22
            ],
            "PanTilt": [
                -18.36801391601562,
                -25.057716369628906
            ],
            "PanTiltOffset": [
                -142.759033203125,
                45.51171112060547
            ],
            "Distance": 9.271574020385742,
            "HomogTarget": [
                -0.332035799673107,
                -0.4926332548572416
            ]
        },
        {
            "Target": [
                0.14,
                0.26,
                -0.47
            ],
            "PanTilt": [
                -64.97799999999998,
                -49.707699999999996
            ],
            "PanTiltOffset": [
                -52.22453308105469,
                94.92369079589844
            ],
            "Distance": 4.564877033233643,
            "HomogTarget": [
                -2.0876565676970897,
                -3.2605444166248185
            ]
        }
    ],
    "HomographyTop": [
        [
            0.9469730033106307,
            -0.010870827977583432,
            -3.0522516312826546
        ],
        [
            0.04936415936198965,
            -0.0003568113111600152,
            -1.2149489519955712
        ],
        [
            -0.026363003206925206,
            -0.9205567054059138,
            1.0
        ]
    ],
    "HomographyBtm": [
        [
            1.1523823748001656,
            0.012410716145614922,
            -3.525991261343428
        ],
        [
            -0.0024062283103745466,
            -0.021963581664085016,
            -4.712090854122004
        ],
        [
            0.0030825697029649483,
            -1.1320594762723366,
            1.0
        ]
    ],
    "HomographySide_1": [
        [
            0.03069906326181435,
            0.039794961679214695,
            6.126123480255802
        ],
        [
            1.1946664692577713,
            -0.00785715164915834,
            -4.9890701599222504
        ],
        [
            -0.004478393079705672,
            -1.1498996128443026,
            0.9999999999999999
        ]
    ],
    "HomographySide_2": [
        [
            0.0018396806712042883,
            0.04299663800669522,
            -3.160562533638867
        ],
        [
            1.2795104127869839,
            0.027764626431606036,
            -5.462247073934478
        ],
        [
            0.03926151274538367,
            -1.297188878971589,
            1.0
        ]
    ],
    "Axis": "z",
    "DMXStartingAddress": 1
}