{
    "Position": [
        8.1,
        4.0,
        -8.0
    ],
    "Rotation": [
        200.0,
        0.0,
        -20.0
    ],
    "PanTiltDirection": [
        0.0,
        -90.0
    ],
    "DataPointsTop": [
        {
            "Target": [
                8.42,
                3.33,
                -0.6
            ],
            "PanTilt": [
                2.484000000000002,
                -14.500000000000002
            ],
            "PanTiltOffset": [
                173.26693725585938,
                210.43759155273438
            ],
            "Distance": null,
            "HomogTarget": [
                0.04338116129891657,
                -0.2588608194409695
            ]
        },
        {
            "Target": [
                8.63,
                3.15,
                -7.17
            ],
            "PanTilt": [
                -13.030000000000001,
                12.667
            ],
            "PanTiltOffset": [
                154.51681518554688,
                154.1648712158203
            ],
            "Distance": null,
            "HomogTarget": [
                -0.23141976450547463,
                0.23069448937456394
            ]
        },
        {
            "Target": [
                0.475,
                3.15,
                -7.28
            ],
            "PanTilt": [
                77.2,
                19.729999999999997
            ],
            "PanTiltOffset": [
                -182.19781494140625,
                137.72164916992188
            ],
            "Distance": null,
            "HomogTarget": [
                4.401516438989735,
                1.6187998419930316
            ]
        },
        {
            "Target": [
                0.14,
                3.27,
                -0.47
            ],
            "PanTilt": [
                46.900000000000006,
                5.11
            ],
            "PanTiltOffset": [
                -185.63998413085938,
                171.61431884765625
            ],
            "Distance": 10.98159408569336,
            "HomogTarget": [
                0.9227734410822139,
                -0.04751677231913202
            ]
        }
    ],
    "DataPointsBtm": [
        {
            "Target": [
                8.42,
                0.26,
                -0.6
            ],
            "PanTilt": [
                -4.779999999999998,
                5.900000000000001
            ],
            "PanTiltOffset": [
                173.76763916015625,
                169.47747802734375
            ],
            "Distance": null,
            "HomogTarget": [
                -0.08362082922122523,
                0.10370061734493655
            ]
        },
        {
            "Target": [
                8.15,
                0.26,
                -7.42
            ],
            "PanTilt": [
                -31.85,
                52.557
            ],
            "PanTiltOffset": [
                174.55601501464844,
                72.77045440673828
            ],
            "Distance": null,
            "HomogTarget": [
                -0.6212350687088634,
                1.537395030076548
            ]
        },
        {
            "Target": [
                0.475,
                0.4,
                -7.28
            ],
            "PanTilt": [
                65.73,
                36.5
            ],
            "PanTiltOffset": [
                -180.4002685546875,
                103.99781799316406
            ],
            "Distance": null,
            "HomogTarget": [
                2.217850010542311,
                1.8002294400927374
            ]
        },
        {
            "Target": [
                0.14,
                0.26,
                -0.47
            ],
            "PanTilt": [
                39.74000000000001,
                18.4
            ],
            "PanTiltOffset": [
                -185.78611755371094,
                145.1151885986328
            ],
            "Distance": 11.578001022338867,
            "HomogTarget": [
                0.7106630093811516,
                0.21631820388466258
            ]
        }
    ],
    "HomographyTop": [
        [
            -0.10533023259104933,
            0.012319583694408226,
            0.9375980314927861
        ],
        [
            -0.028016664869816254,
            -0.049308913023644804,
            -0.05221499321447526
        ],
        [
            0.007898873669440993,
            0.1129777669860119,
            1.0
        ]
    ],
    "HomographyBtm": [
        [
            -0.09493187863042232,
            0.01396072471342652,
            0.730287793148816
        ],
        [
            -0.015024684072953305,
            -0.038667798189149526,
            0.1993118288955656
        ],
        [
            -0.0016085812139618545,
            0.1011147977431749,
            1.0
        ]
    ],
    "HomographySide_1": [
        [
            0.035795918697722834,
            0.006254247051701622,
            -0.08263913336035461
        ],
        [
            -0.09490840365644167,
            -0.029432124928019738,
            0.10261193158846742
        ],
        [
            -0.05392408312284503,
            0.10690522046252332,
            1.0
        ]
    ],
    "HomographySide_2": [
        [
            0.03296489732602865,
            0.006905507996237092,
            0.661169257304222
        ],
        [
            -0.08861853415088453,
            -0.043849302519416634,
            0.22279292008211263
        ],
        [
            -0.04327522572857753,
            0.0963322590658478,
            1.0
        ]
    ],
    "Axis": "z",
    "DMXStartingAddress": 163
}