{"Position": [1.9, 4.4, -8.0], "Rotation": [200.0, 0.0, 20.0], "PanTiltDirection": [0.0, -90.0], "DataPointsTop": [{"Target": [8.5, 3.15, -0.2], "PanTilt": [-39.08, -0.9700000000000006], "PanTiltOffset": [184.7987518310547, 186.14144897460938], "Distance": 10.293808937072754, "HomogTarget": [-3.4011390166569404, -12.016863170327808]}], "DataPointsBtm": [{"Target": [8.5, 0.4, -0.2], "PanTilt": [-31.580000000000002, 11.329999999999998], "PanTiltOffset": [185.23902893066406, 161.812744140625], "Distance": 10.97269344329834, "HomogTarget": [-0.9441849697087622, -2.2956782285033177]}], "HomographyTop": [[1.411519660249365, 3.955409915833169e-08, -3.4011390209197985], [-3.0304608840060106e-08, -1.5021078917972943, -12.016862869262692], [0.5137510633029875, -6.615162755039765e-08, 1.0]], "HomographyBtm": [[0.2696539361308826, -6.022598729889071e-09, -0.9441849589347845], [7.743393209237763e-09, -0.286959762914076, -2.2956781387329115], [0.09814600531149921, -7.649855825832234e-09, 1.0]], "HomographySide_1": [[0.26965390950881407, 0.09814600679959092, -0.9441849589347845], [4.896257399875002e-08, 6.243070536139194e-08, -2.2956781387329115], [0.09814597149636466, -0.26965398605785346, 1.0]], "HomographySide_2": [[0.26965392765285984, 0.09814604088826709, -0.9441848397254942], [9.695674561411773e-09, -1.1559416977562134e-08, 0.28695970773696927], [0.09814601136708044, -0.26965397651655415, 1.0]], "Axis": "y", "DMXStartingAddress": 55}