{
    "Position": [
        6.1,
        4.8,
        -8.0
    ],
    "Rotation": [
        200.0,
        0.0,
        -20.0
    ],
    "PanTiltDirection": [
        0.23,
        -90.0
    ],
    "DataPointsTop": [
        {
            "Target": [
                8.42,
                3.33,
                -0.6
            ],
            "PanTilt": [
                -10.8,
                -14.94
            ],
            "PanTiltOffset": [
                170.2452850341797,
                209.45672607421875
            ],
            "Distance": null,
            "HomogTarget": [
                -0.19076020221856677,
                -0.27163859015581043
            ]
        },
        {
            "Target": [
                8.63,
                3.15,
                -7.17
            ],
            "PanTilt": [
                -64.22,
                5.417000000000002
            ],
            "PanTiltOffset": [
                173.2437286376953,
                167.9839630126953
            ],
            "Distance": null,
            "HomogTarget": [
                -2.0704434412464146,
                0.21803525701845028
            ]
        },
        {
            "Target": [
                0.19,
                3.15,
                -7.22
            ],
            "PanTilt": [
                77.80000000000001,
                28.1
            ],
            "PanTiltOffset": [
                -189.42337036132812,
                121.93256378173828
            ],
            "Distance": 6.185385704040527,
            "HomogTarget": [
                2.971439874557445,
                1.5563248869575197
            ]
        },
        {
            "Target": [
                0.14,
                3.27,
                -0.47
            ],
            "PanTilt": [
                39.6,
                5.7
            ],
            "PanTiltOffset": [
                -188.03656005859375,
                170.22451782226562
            ],
            "Distance": 9.724371910095215,
            "HomogTarget": [
                0.6694416515221994,
                -0.04622965458832203
            ]
        }
    ],
    "DataPointsBtm": [
        {
            "Target": [
                8.42,
                0.26,
                -0.6
            ],
            "PanTilt": [
                -16.529999999999998,
                4.789999999999999
            ],
            "PanTiltOffset": [
                171.8985595703125,
                170.53550720214844
            ],
            "Distance": null,
            "HomogTarget": [
                -0.29678312396882084,
                0.08740912622428126
            ]
        },
        {
            "Target": [
                8.15,
                0.26,
                -7.42
            ],
            "PanTilt": [
                -57.04000000000001,
                38.94699999999999
            ],
            "PanTiltOffset": [
                173.93051147460938,
                102.11717224121094
            ],
            "Distance": null,
            "HomogTarget": [
                -1.542221027527275,
                1.4856144083480016
            ]
        },
        {
            "Target": [
                0.19,
                0.26,
                -7.22
            ],
            "PanTilt": [
                55.00000000000001,
                45.1
            ],
            "PanTiltOffset": [
                -180.7806854248047,
                86.05838012695312
            ],
            "Distance": 7.493203163146973,
            "HomogTarget": [
                1.4281480067421148,
                1.7495432194616038
            ]
        },
        {
            "Target": [
                0.14,
                0.26,
                -0.47
            ],
            "PanTilt": [
                31.6,
                20.1
            ],
            "PanTiltOffset": [
                -187.92527770996094,
                141.52224731445312
            ],
            "Distance": 10.622340202331543,
            "HomogTarget": [
                0.48341888806170363,
                0.21389051682581012
            ]
        }
    ],
    "HomographyTop": [
        [
            -0.10146866789485956,
            0.020880790553015633,
            0.6927118924764981
        ],
        [
            -0.02674265143189599,
            -0.04393949225535554,
            -0.04922326343626922
        ],
        [
            -0.002165010464148465,
            0.11445416483499835,
            1.0
        ]
    ],
    "HomographyBtm": [
        [
            -0.091839034708736,
            0.013649153636537318,
            0.5102239495226439
        ],
        [
            -0.01664913171489162,
            -0.035585593298027296,
            0.19872346024714627
        ],
        [
            -0.0029600192509305445,
            0.1018480167085447,
            1.0
        ]
    ],
    "HomographySide_1": [
        [
            0.040933921296543385,
            0.006076036830567843,
            -0.2813460391204786
        ],
        [
            -0.0952838574791984,
            -0.032755837881576925,
            0.08592203668761195
        ],
        [
            -0.047228562548031504,
            0.10552009727104113,
            1.0
        ]
    ],
    "HomographySide_2": [
        [
            0.03513538435377108,
            0.006100701448036958,
            0.4454914323606864
        ],
        [
            -0.08746107809740454,
            -0.04445287104235501,
            0.21992278639034313
        ],
        [
            -0.04307431481907357,
            0.09506749561270104,
            1.0
        ]
    ],
    "Axis": "z",
    "DMXStartingAddress": 109
}