{"Position": [0.9, 1.1, -9.2], "Rotation": [0.0, 0.0, -20.0], "PanTiltDirection": [0.0, -90.0], "DataPointsTop": [{"Target": [8.5, 3.15, -0.2], "PanTilt": [-32.300000000000004, 22.5], "PanTiltOffset": [67.88803100585938, 135.25860595703125], "Distance": 11.956692695617676, "HomogTarget": [-0.1625610393499975, -0.160608466501008]}], "DataPointsBtm": [{"Target": [8.5, 0.4, -0.2], "PanTilt": [-36.6, 9.9], "PanTiltOffset": [75.95585632324219, 160.62985229492188], "Distance": 11.800423622131348, "HomogTarget": [-0.05103274083891794, 0.14581309406365228]}], "HomographyTop": [[0.1021405140466859, 3.1427755795673733e-09, -0.16256104409694727], [-0.037176104344094185, 3.026548010080075e-09, -0.1606084704399083], [3.926280044509406e-09, 0.10869565328427033, 1.0]], "HomographyBtm": [[0.1021405169379529, 3.0220166531879e-09, -0.05103274062275538], [-0.037176107831510014, -3.615705079310434e-09, 0.14581309258937847], [2.461331953363372e-09, 0.10869565282614327, 1.0]], "HomographySide_1": [[0.10214052383608241, -0.037176103750100234, -0.05103274062275895], [-0.03717610933130846, -0.10214052357066686, 0.14581309258937827], [1.0406363277468143e-08, 1.5945010958789923e-08, 1.0]], "HomographySide_2": [[4.698467032636466, -1.710102581922024, -2.3475079536438095], [-1.710101853552935, -4.698467584575551, 6.707405567169184], [1.6291742629540347e-07, 1.3071474109312275e-07, 1.0]], "Axis": "z", "DMXStartingAddress": 28}