{
    "Position": [
        1.9,
        0.7,
        -9.2
    ],
    "Rotation": [
        0.0,
        180.0,
        -20.0
    ],
    "PanTiltDirection": [
        0.0,
        -90.0
    ],
    "DataPointsTop": [
        {
            "Target": [
                8.5,
                3.15,
                -0.2
            ],
            "PanTilt": [
                29.3,
                25.200000000000003
            ],
            "PanTiltOffset": [
                -178.5049591064453,
                131.28187561035156
            ],
            "Distance": 11.42639446258545,
            "HomogTarget": [
                -0.2795719969442113,
                -0.16428862151789378
            ]
        },
        {
            "Target": [
                8.63,
                3.15,
                -7.17
            ],
            "PanTilt": [
                70.2,
                38.4
            ],
            "PanTiltOffset": [
                -180.50550842285156,
                103.39530944824219
            ],
            "Distance": 7.444212436676025,
            "HomogTarget": [
                0.6396926045156694,
                -0.4988735529270516
            ]
        },
        {
            "Target": [
                0.475,
                3.15,
                -7.28
            ],
            "PanTilt": [
                -52.6,
                33.49
            ],
            "PanTiltOffset": [
                184.01043701171875,
                114.4951171875
            ],
            "Distance": 3.4233789443969727,
            "HomogTarget": [
                29.42588003610148,
                -22.948198191859543
            ]
        }
    ],
    "DataPointsBtm": [
        {
            "Target": [
                8.5,
                0.4,
                -0.2
            ],
            "PanTilt": [
                32.8,
                11.8
            ],
            "PanTiltOffset": [
                -177.78843688964844,
                158.00869750976562
            ],
            "Distance": 11.16467571258545,
            "HomogTarget": [
                -0.16804368727522595,
                0.1421330058416327
            ]
        },
        {
            "Target": [
                8.63,
                0.4,
                -7.17
            ],
            "PanTilt": [
                71.4,
                16.6
            ],
            "PanTiltOffset": [
                -178.92965698242188,
                146.71658325195312
            ],
            "Distance": 7.035893440246582,
            "HomogTarget": [
                0.7512208332869785,
                -0.1924519868980181
            ]
        },
        {
            "Target": [
                0.475,
                0.4,
                -7.28
            ],
            "PanTilt": [
                -35.1,
                -17.1
            ],
            "PanTiltOffset": [
                182.3189697265625,
                215.71670532226562
            ],
            "Distance": 2.4097766876220703,
            "HomogTarget": [
                34.556169862498166,
                -8.852795563046039
            ]
        }
    ],
    "HomographyTop": [
        [
            0.10214051285685513,
            2.368229186825218e-09,
            -0.2795720100402807
        ],
        [
            -0.03717610415339612,
            -5.7101289749531035e-09,
            -0.164288625121115
        ],
        [
            1.9621202798210069e-10,
            0.10869565413922162,
            1.0
        ]
    ],
    "HomographyBtm": [
        [
            0.10214050136073481,
            6.138312959917168e-09,
            -0.16804368793963756
        ],
        [
            -0.037176110734402384,
            5.279635789753097e-10,
            0.14213301241398102
        ],
        [
            2.917761203131452e-10,
            0.10869565358690347,
            1.0
        ]
    ],
    "HomographySide_1": [
        [
            0.10214052461043029,
            -0.03717609997157018,
            -0.16804368793964364
        ],
        [
            -0.03717611669063943,
            -0.10214054149922745,
            0.1421330124139786
        ],
        [
            3.124098996698616e-08,
            -2.6452253053400863e-08,
            1.0
        ]
    ],
    "HomographySide_2": [
        [
            4.6984667666489885,
            -1.7101009479051048,
            -7.730016708374012
        ],
        [
            -1.7101023389544248,
            -4.698466719692402,
            6.538122177124012
        ],
        [
            4.10739643393797e-08,
            -1.1284981389918844e-07,
            1.0
        ]
    ],
    "Axis": "z",
    "DMXStartingAddress": 55
}