{
    "Position": [
        9.1,
        3.6,
        -8.0
    ],
    "Rotation": [
        200.0,
        0.0,
        -20.0
    ],
    "PanTiltDirection": [
        0.0,
        -90.0
    ],
    "DataPointsTop": [
        {
            "Target": [
                8.42,
                3.33,
                -0.6
            ],
            "PanTilt": [
                9.060000000000006,
                -14.199999999999998
            ],
            "PanTiltOffset": [
                -184.66969299316406,
                210.39505004882812
            ],
            "Distance": null,
            "HomogTarget": [
                0.15945808595412908,
                -0.25623570238131943
            ]
        },
        {
            "Target": [
                8.63,
                3.15,
                -7.17
            ],
            "PanTilt": [
                34.999999999999986,
                10.856999999999996
            ],
            "PanTiltOffset": [
                -198.62965393066406,
                154.61642456054688
            ],
            "Distance": null,
            "HomogTarget": [
                0.7002075382097094,
                0.23413411328603906
            ]
        },
        {
            "Target": [
                0.475,
                3.15,
                -7.28
            ],
            "PanTilt": [
                79.5,
                17.9
            ],
            "PanTiltOffset": [
                -182.46249389648438,
                142.38858032226562
            ],
            "Distance": null,
            "HomogTarget": [
                5.395517174319138,
                1.7723832851666195
            ]
        },
        {
            "Target": [
                0.14,
                3.27,
                -0.47
            ],
            "PanTilt": [
                49.800000000000004,
                4.6000000000000005
            ],
            "PanTiltOffset": [
                -184.53421020507812,
                172.48382568359375
            ],
            "Distance": 11.708603858947754,
            "HomogTarget": [
                1.0799017662024037,
                -0.06940820727514836
            ]
        }
    ],
    "DataPointsBtm": [
        {
            "Target": [
                8.42,
                0.26,
                -0.6
            ],
            "PanTilt": [
                1.2000000000000042,
                5.8
            ],
            "PanTiltOffset": [
                175.24700927734375,
                169.71646118164062
            ],
            "Distance": null,
            "HomogTarget": [
                0.020947013909660063,
                0.10159857806443012
            ]
        },
        {
            "Target": [
                8.15,
                0.26,
                -7.42
            ],
            "PanTilt": [
                -9.430000000000012,
                56.39699999999999
            ],
            "PanTiltOffset": [
                181.21707153320312,
                63.36344909667969
            ],
            "Distance": null,
            "HomogTarget": [
                -0.16608692191341787,
                1.525565754727001
            ]
        },
        {
            "Target": [
                0.475,
                0.4,
                -7.28
            ],
            "PanTilt": [
                69.2,
                33.2
            ],
            "PanTiltOffset": [
                -180.36322021484375,
                111.35389709472656
            ],
            "Distance": null,
            "HomogTarget": [
                2.632518579913357,
                1.8427733975546268
            ]
        },
        {
            "Target": [
                0.14,
                0.26,
                -0.47
            ],
            "PanTilt": [
                43.029999999999994,
                17.5
            ],
            "PanTiltOffset": [
                -184.6779327392578,
                146.9953155517578
            ],
            "Distance": 12.171199798583984,
            "HomogTarget": [
                0.8450655194918562,
                0.1816734594540121
            ]
        }
    ],
    "HomographyTop": [
        [
            -0.10770648850468208,
            -0.03395711203725096,
            1.0893854556570561
        ],
        [
            -0.034279045644620997,
            -0.07124308301475314,
            -0.080112995453996
        ],
        [
            0.03997632917011039,
            0.10724558796227625,
            0.9999999999999999
        ]
    ],
    "HomographyBtm": [
        [
            -0.09912626695675088,
            0.01365331774184178,
            0.8629838409661695
        ],
        [
            -0.010920011863567294,
            -0.047465391968415066,
            0.16119368691876756
        ],
        [
            0.0026099249213117725,
            0.1001464067741899,
            0.9999999999999999
        ]
    ],
    "HomographySide_1": [
        [
            0.034457890710536815,
            0.007761802814294768,
            0.01506570609454678
        ],
        [
            -0.09610727201108156,
            -0.03143601784742513,
            0.1000646474408149
        ],
        [
            -0.045516664656311094,
            0.1059374274859836,
            1.0
        ]
    ],
    "HomographySide_2": [
        [
            0.034072048015332236,
            0.01438523068694801,
            0.7899987800879792
        ],
        [
            -0.08322615371372902,
            -0.046106819303777184,
            0.18686776848546996
        ],
        [
            -0.043123067626031124,
            0.09852504915776661,
            1.0
        ]
    ],
    "Axis": "z",
    "DMXStartingAddress": 190
}