{
    "Position": [
        3.0,
        4.6,
        1.0
    ],
    "Rotation": [
        180.0,
        0.0,
        0.0
    ],
    "PanTiltDirection": [
        0.0,
        90.0
    ],
    "DataPointsTop": [
        {
            "Target": [
                8.42,
                3.33,
                -0.6
            ],
            "PanTilt": [
                74.89198608398438,
                -8.897716369628904
            ],
            "PanTiltOffset": [
                31.554771423339844,
                10.620773315429688
            ],
            "Distance": null,
            "HomogTarget": [
                3.7041047672758287,
                -0.6006570737779137
            ]
        },
        {
            "Target": [
                8.15,
                3.2800000000000002,
                -7.42
            ],
            "PanTilt": [
                31.93198608398438,
                -5.157716369628908
            ],
            "PanTiltOffset": [
                116.6164321899414,
                6.434600830078125
            ],
            "Distance": null,
            "HomogTarget": [
                0.6232200036683014,
                -0.10635745561512948
            ]
        },
        {
            "Target": [
                0.19,
                3.15,
                -7.22
            ],
            "PanTilt": [
                -19.113,
                -5.657700000000001
            ],
            "PanTiltOffset": [
                -142.0140380859375,
                7.964897155761719
            ],
            "Distance": null,
            "HomogTarget": [
                -0.34653516695092446,
                -0.1048474476362817
            ]
        },
        {
            "Target": [
                0.14,
                3.27,
                -0.47
            ],
            "PanTilt": [
                -64.6053,
                -14.427399999999999
            ],
            "PanTiltOffset": [
                -52.59722900390625,
                18.518508911132812
            ],
            "Distance": null,
            "HomogTarget": [
                -2.1064979773299752,
                -0.5998955974968808
            ]
        }
    ],
    "DataPointsBtm": [
        {
            "Target": [
                8.42,
                0.26,
                -0.6
            ],
            "PanTilt": [
                74.55,
                -36.4
            ],
            "PanTiltOffset": [
                31.896751403808594,
                66.22679138183594
            ],
            "Distance": null,
            "HomogTarget": [
                3.6181414799237506,
                -2.7675334981917583
            ]
        },
        {
            "Target": [
                8.15,
                0.26,
                -7.42
            ],
            "PanTilt": [
                31.49198608398438,
                -22.45771636962891
            ],
            "PanTiltOffset": [
                117.05642700195312,
                40.63086700439453
            ],
            "Distance": null,
            "HomogTarget": [
                0.6126084110453787,
                -0.48474586868581565
            ]
        },
        {
            "Target": [
                0.19,
                0.26,
                -7.22
            ],
            "PanTilt": [
                -19.16801391601562,
                -24.557716369628906
            ],
            "PanTiltOffset": [
                -141.9590301513672,
                45.01171112060547
            ],
            "Distance": null,
            "HomogTarget": [
                -0.3476110032661926,
                -0.4837632917838622
            ]
        },
        {
            "Target": [
                0.14,
                0.26,
                -0.47
            ],
            "PanTilt": [
                -64.97799999999998,
                -49.707699999999996
            ],
            "PanTiltOffset": [
                -52.22453308105469,
                94.92369079589844
            ],
            "Distance": null,
            "HomogTarget": [
                -2.1423588621006093,
                -2.7885933869782162
            ]
        }
    ],
    "HomographyTop": [
        [
            1.0730145356282845,
            -0.01245439129594797,
            -3.319697448188603
        ],
        [
            -0.0032300386308247884,
            0.002134378549940909,
            -0.8994915226008589
        ],
        [
            -0.011615050563341115,
            -1.071203362537869,
            1.0
        ]
    ],
    "HomographyBtm": [
        [
            1.0588384583739425,
            -0.019819390554047644,
            -3.3715813350457857
        ],
        [
            -0.007912441701847999,
            0.004313617100608108,
            -4.180393471142421
        ],
        [
            -0.01250653441326,
            -1.0680424409042701,
            0.9999999999999999
        ]
    ],
    "HomographySide_1": [
        [
            0.03069906326181435,
            0.039794961679214695,
            6.126123480255802
        ],
        [
            1.1946664692577713,
            -0.00785715164915834,
            -4.9890701599222504
        ],
        [
            -0.004478393079705672,
            -1.1498996128443026,
            0.9999999999999999
        ]
    ],
    "HomographySide_2": [
        [
            0.0001694005460008139,
            -0.048094144571142666,
            -3.157112598354037
        ],
        [
            1.0589586899500718,
            -0.02512314799904986,
            -4.367100868478364
        ],
        [
            0.008194491797339682,
            -0.9807653467904048,
            1.0
        ]
    ],
    "Axis": "z",
    "DMXStartingAddress": 1
}