{
    "Position": [
        9.1,
        3.6,
        -8.0
    ],
    "Rotation": [
        200.0,
        0.0,
        -20.0
    ],
    "PanTiltDirection": [
        0.0,
        -90.0
    ],
    "DataPointsTop": [
        {
            "Target": [
                8.42,
                3.33,
                -0.6
            ],
            "PanTilt": [
                9.060000000000006,
                -14.199999999999998
            ],
            "PanTiltOffset": [
                -184.66969299316406,
                210.39505004882812
            ],
            "Distance": null,
            "HomogTarget": [
                0.15945808595412908,
                -0.25623570238131943
            ]
        },
        {
            "Target": [
                8.63,
                3.15,
                -7.17
            ],
            "PanTilt": [
                34.999999999999986,
                10.856999999999996
            ],
            "PanTiltOffset": [
                -198.62965393066406,
                154.61642456054688
            ],
            "Distance": null,
            "HomogTarget": [
                0.7002075382097094,
                0.23413411328603906
            ]
        },
        {
            "Target": [
                0.19,
                3.15,
                -7.22
            ],
            "PanTilt": [
                82.19999999999999,
                19.49
            ],
            "PanTiltOffset": [
                -185.34823608398438,
                140.97720336914062
            ],
            "Distance": null,
            "HomogTarget": [
                7.300178031898524,
                2.607822808922009
            ]
        },
        {
            "Target": [
                0.14,
                3.27,
                -0.47
            ],
            "PanTilt": [
                49.800000000000004,
                4.6000000000000005
            ],
            "PanTiltOffset": [
                -184.53421020507812,
                172.48382568359375
            ],
            "Distance": null,
            "HomogTarget": [
                1.1833401989958212,
                0.12465277142859955
            ]
        }
    ],
    "DataPointsBtm": [
        {
            "Target": [
                8.42,
                0.26,
                -0.6
            ],
            "PanTilt": [
                1.2000000000000042,
                5.8
            ],
            "PanTiltOffset": [
                175.24700927734375,
                169.71646118164062
            ],
            "Distance": null,
            "HomogTarget": [
                0.020947013909660063,
                0.10159857806443012
            ]
        },
        {
            "Target": [
                8.15,
                0.26,
                -7.42
            ],
            "PanTilt": [
                -9.430000000000012,
                56.39699999999999
            ],
            "PanTiltOffset": [
                181.21707153320312,
                63.36344909667969
            ],
            "Distance": null,
            "HomogTarget": [
                -0.16608692191341787,
                1.525565754727001
            ]
        },
        {
            "Target": [
                0.19,
                0.26,
                -7.22
            ],
            "PanTilt": [
                73.8,
                37.1
            ],
            "PanTiltOffset": [
                -185.30406188964844,
                107.38557434082031
            ],
            "Distance": 9.547361373901367,
            "HomogTarget": [
                3.4420225766692187,
                2.710817813392478
            ]
        },
        {
            "Target": [
                0.14,
                0.26,
                -0.47
            ],
            "PanTilt": [
                43.029999999999994,
                17.5
            ],
            "PanTiltOffset": [
                -184.6779327392578,
                146.9953155517578
            ],
            "Distance": null,
            "HomogTarget": [
                0.9334944765233144,
                0.43132735311523024
            ]
        }
    ],
    "HomographyTop": [
        [
            -0.11782206646891738,
            0.006708327298076248,
            1.1363067348557552
        ],
        [
            -0.04203570922604379,
            -0.03927319508539126,
            0.10505516172785602
        ],
        [
            -0.005910573468423916,
            0.11813345315477543,
            1.0
        ]
    ],
    "HomographyBtm": [
        [
            -0.10453894225378368,
            0.012291045703071183,
            0.9073182160830746
        ],
        [
            -0.0384523449418688,
            -0.03276469096167486,
            0.39978475016950765
        ],
        [
            0.0006560059630464184,
            0.10638180860052551,
            0.9999999999999999
        ]
    ],
    "HomographySide_1": [
        [
            0.034457890710536815,
            0.007761802814294768,
            0.01506570609454678
        ],
        [
            -0.09610727201108156,
            -0.03143601784742513,
            0.1000646474408149
        ],
        [
            -0.045516664656311094,
            0.1059374274859836,
            1.0
        ]
    ],
    "HomographySide_2": [
        [
            0.03615825537437093,
            0.017493014271397114,
            0.8769267445221022
        ],
        [
            -0.10025599076948258,
            -0.02856847231840087,
            0.41837419548622706
        ],
        [
            -0.03542676492917802,
            0.10664548764540054,
            1.0
        ]
    ],
    "Axis": "z",
    "DMXStartingAddress": 190
}