{
    "Position": [
        4.0,
        3.5,
        1.0
    ],
    "Rotation": [
        180.0,
        0.0,
        0.0
    ],
    "PanTiltDirection": [
        0.0,
        90.0
    ],
    "DataPointsTop": [
        {
            "Target": [
                8.42,
                3.33,
                -0.6
            ],
            "PanTilt": [
                70.7685806274414,
                -9.89779052734375
            ],
            "PanTiltOffset": [
                39.13121795654297,
                11.968986511230469
            ],
            "Distance": null,
            "HomogTarget": [
                2.86654649386996,
                -0.5297402269920127
            ]
        },
        {
            "Target": [
                8.15,
                3.2800000000000002,
                -7.42
            ],
            "PanTilt": [
                26.130552139282226,
                -4.464475708007813
            ],
            "PanTiltOffset": [
                127.6319580078125,
                5.807029724121094
            ],
            "Distance": null,
            "HomogTarget": [
                0.49055632821439293,
                -0.0869664760288646
            ]
        },
        {
            "Target": [
                0.19,
                3.15,
                -7.22
            ],
            "PanTilt": [
                -25.348,
                -4.457700000000001
            ],
            "PanTiltOffset": [
                -129.78411865234375,
                6.670005798339844
            ],
            "Distance": null,
            "HomogTarget": [
                -0.40134880716153004,
                -0.1318789277066928
            ]
        },
        {
            "Target": [
                0.14,
                3.27,
                -0.47
            ],
            "PanTilt": [
                -70.4772,
                -11.155599999999996
            ],
            "PanTiltOffset": [
                -40.37108612060547,
                14.342781066894531
            ],
            "Distance": null,
            "HomogTarget": [
                -2.399653752642462,
                -0.7580134163467642
            ]
        }
    ],
    "DataPointsBtm": [
        {
            "Target": [
                8.42,
                0.26,
                -0.6
            ],
            "PanTilt": [
                70.06858825683594,
                -40.52886856079102
            ],
            "PanTiltOffset": [
                39.831207275390625,
                75.10588073730469
            ],
            "Distance": null,
            "HomogTarget": [
                2.757744683050227,
                -2.5079641704028135
            ]
        },
        {
            "Target": [
                8.15,
                0.26,
                -7.42
            ],
            "PanTilt": [
                25.990552139282226,
                -22.268722534179688
            ],
            "PanTiltOffset": [
                127.77195739746094,
                41.310943603515625
            ],
            "Distance": null,
            "HomogTarget": [
                0.4875284826686257,
                -0.4555653107451563
            ]
        },
        {
            "Target": [
                0.19,
                0.26,
                -7.22
            ],
            "PanTilt": [
                -25.268,
                -22.7577
            ],
            "PanTiltOffset": [
                -129.86410522460938,
                42.435455322265625
            ],
            "Distance": 9.62195873260498,
            "HomogTarget": [
                -0.4033766981271188,
                -0.46121435253329934
            ]
        },
        {
            "Target": [
                0.14,
                0.26,
                -0.47
            ],
            "PanTilt": [
                -69.87799999999999,
                -42.9077
            ],
            "PanTiltOffset": [
                -40.97029113769531,
                81.01907348632812
            ],
            "Distance": null,
            "HomogTarget": [
                -2.4354909341890685,
                -2.705057987978151
            ]
        }
    ],
    "HomographyTop": [
        [
            0.8373997708321491,
            -0.032636724232701864,
            -3.562338024549718
        ],
        [
            0.04425639343915271,
            -0.005711460674463516,
            -1.0243748468690055
        ],
        [
            -0.03517746038761304,
            -0.8666980864029296,
            1.0
        ]
    ],
    "HomographyBtm": [
        [
            0.9221679008810232,
            -0.015146249552134944,
            -3.7467771887496633
        ],
        [
            0.0038477876787175644,
            -0.005344695670720014,
            -3.697830286921256
        ],
        [
            -0.01322723073468979,
            -0.952685810887575,
            1.0
        ]
    ],
    "HomographySide_1": [
        [
            -0.0014058247689842757,
            0.03801272865886644,
            4.451450853755095
        ],
        [
            1.0454846728808562,
            -0.019279681440834577,
            -4.310583601707448
        ],
        [
            -0.020343085705562414,
            -1.0184161597607044,
            1.0
        ]
    ],
    "HomographySide_2": [
        [
            0.003600486567263753,
            -0.012045661032261118,
            -3.3816966087812803
        ],
        [
            0.9767331706919452,
            0.002248022669838362,
            -4.138991852546906
        ],
        [
            0.006026402383049356,
            -0.9835293189163528,
            1.0
        ]
    ],
    "Axis": "z",
    "DMXStartingAddress": 32
}