{
    "Position": [
        5.0,
        3.5,
        1.0
    ],
    "Rotation": [
        180.0,
        0.0,
        0.0
    ],
    "PanTiltDirection": [
        0.0,
        90.0
    ],
    "DataPointsTop": [
        {
            "Target": [
                8.42,
                3.33,
                -0.6
            ],
            "PanTilt": [
                66.37535552978517,
                -12.803793334960936
            ],
            "PanTiltOffset": [
                48.69654083251953,
                15.381736755371094
            ],
            "Distance": 3.779590129852295,
            "HomogTarget": [
                2.2862285940260048,
                -0.5671065158601417
            ]
        },
        {
            "Target": [
                8.15,
                3.2800000000000002,
                -7.42
            ],
            "PanTilt": [
                20.275982208251953,
                -5.611950988769531
            ],
            "PanTiltOffset": [
                139.2127227783203,
                7.0138092041015625
            ],
            "Distance": null,
            "HomogTarget": [
                0.369434757105531,
                -0.10475251565168804
            ]
        },
        {
            "Target": [
                0.475,
                3.15,
                -7.28
            ],
            "PanTilt": [
                -28.868,
                -7.317700000000001
            ],
            "PanTiltOffset": [
                0.2115039825439453,
                5.193412780761719
            ],
            "Distance": null,
            "HomogTarget": [
                -0.5513011798561843,
                -0.14663917902430057
            ]
        },
        {
            "Target": [
                0.14,
                3.27,
                -0.47
            ],
            "PanTilt": [
                -74.378,
                -9.7277
            ],
            "PanTiltOffset": [
                -32.450950622558594,
                12.321327209472656
            ],
            "Distance": 5.0826568603515625,
            "HomogTarget": [
                -3.286849661163899,
                -0.8966819173776904
            ]
        }
    ],
    "DataPointsBtm": [
        {
            "Target": [
                8.42,
                0.26,
                -0.6
            ],
            "PanTilt": [
                65.93535552978514,
                -46.75755004882812
            ],
            "PanTiltOffset": [
                49.13654327392578,
                87.39059448242188
            ],
            "Distance": null,
            "HomogTarget": [
                2.239234044848856,
                -2.607645464485774
            ]
        },
        {
            "Target": [
                8.15,
                0.26,
                -7.42
            ],
            "PanTilt": [
                20.595982208251954,
                -24.224061584472658
            ],
            "PanTiltOffset": [
                138.89273071289062,
                44.04338073730469
            ],
            "Distance": null,
            "HomogTarget": [
                0.37579526006236535,
                -0.48064339377441506
            ]
        },
        {
            "Target": [
                0.475,
                0.4,
                -7.28
            ],
            "PanTilt": [
                -28.58801,
                -22.817719999999998
            ],
            "PanTiltOffset": [
                -0.06848526000976562,
                4.6304779052734375
            ],
            "Distance": null,
            "HomogTarget": [
                -0.5449462587525461,
                -0.4791405825935781
            ]
        },
        {
            "Target": [
                0.14,
                0.26,
                -0.47
            ],
            "PanTilt": [
                -74.27799999999998,
                -38.29769999999999
            ],
            "PanTiltOffset": [
                -32.55094909667969,
                70.84027862548828
            ],
            "Distance": 6.023130416870117,
            "HomogTarget": [
                -3.2062936907796518,
                -2.901916588865787
            ]
        }
    ],
    "HomographyTop": [
        [
            1.0331256908140596,
            0.019721913515866947,
            -5.0693698787019
        ],
        [
            0.04527208883246807,
            -0.00015333454022522776,
            -1.2786691993760755
        ],
        [
            -0.004909035376857365,
            -1.0395473820540337,
            1.0
        ]
    ],
    "HomographyBtm": [
        [
            1.0012654934267924,
            0.013298444392559016,
            -4.900516691007686
        ],
        [
            -0.008929955621555912,
            -0.008232908536186858,
            -4.031395100645899
        ],
        [
            -0.003402662102566296,
            -1.002635089708616,
            1.0
        ]
    ],
    "HomographySide_1": [
        [
            -0.026723471435408902,
            0.05060374364292616,
            3.665120301969709
        ],
        [
            1.0896216143435866,
            -0.003827449892000997,
            -4.510276010778702
        ],
        [
            -0.022536541134303208,
            -1.0432858861718064,
            1.0
        ]
    ],
    "HomographySide_2": [
        [
            -0.015286472515737138,
            0.020086136749480718,
            -4.467162245316289
        ],
        [
            1.0260939265856712,
            0.000864490214532272,
            -4.465813968017949
        ],
        [
            -0.0078049136253737945,
            -1.027487871284785,
            1.0
        ]
    ],
    "Axis": "z",
    "DMXStartingAddress": 63
}