{
    "Position": [
        4.14,
        6.3,
        -5.6
    ],
    "Rotation": [
        135.0,
        180.0,
        0.0
    ],
    "PanTiltDirection": [
        0.0,
        90.0
    ],
    "DataPointsTop": [
        {
            "Target": [
                0.22,
                3.5,
                -0.84
            ],
            "PanTilt": [
                24.7,
                25.599999999999998
            ],
            "PanTiltOffset": [
                -149.87242126464844,
                -65.34756469726562
            ],
            "Distance": null,
            "HomogTarget": [
                0.45994861041169444,
                0.5273697400344598
            ]
        },
        {
            "Target": [
                7.64,
                3.5,
                -0.36
            ],
            "PanTilt": [
                -43.6,
                13.9
            ],
            "PanTiltOffset": [
                204.6416015625,
                -67.03568267822266
            ],
            "Distance": null,
            "HomogTarget": [
                -0.9522871302494246,
                0.34173515129446025
            ]
        },
        {
            "Target": [
                7.5600000000000005,
                3.5,
                -8.72
            ],
            "PanTilt": [
                -96.3,
                -68.3
            ],
            "PanTiltOffset": [
                141.9276885986328,
                56.946327209472656
            ],
            "Distance": null,
            "HomogTarget": [
                9.057886686238929,
                22.89975677195419
            ]
        },
        {
            "Target": [
                0.4,
                3.5,
                -8.85
            ],
            "PanTilt": [
                76.30000000000001,
                -27.599999999999998
            ],
            "PanTiltOffset": [
                -151.365966796875,
                24.512535095214844
            ],
            "Distance": null,
            "HomogTarget": [
                4.102164858732124,
                -2.2073613347481817
            ]
        }
    ],
    "DataPointsBtm": [
        {
            "Target": [
                0.22,
                0.48,
                -0.84
            ],
            "PanTilt": [
                18.5,
                7.799999999999998
            ],
            "PanTiltOffset": [
                -127.35646057128906,
                -60.36836242675781
            ],
            "Distance": null,
            "HomogTarget": [
                0.33459531950207316,
                0.14444747833380134
            ]
        },
        {
            "Target": [
                7.64,
                0.48,
                -0.36
            ],
            "PanTilt": [
                -32.3,
                -1.900000000000002
            ],
            "PanTiltOffset": [
                179.03550720214844,
                -69.73439025878906
            ],
            "Distance": null,
            "HomogTarget": [
                -0.6321737577491856,
                -0.03924632025284604
            ]
        },
        {
            "Target": [
                7.5600000000000005,
                0.48,
                -8.72
            ],
            "PanTilt": [
                -38.800000000000004,
                -66.5
            ],
            "PanTiltOffset": [
                61.07758331298828,
                33.036495208740234
            ],
            "Distance": null,
            "HomogTarget": [
                -0.8040206425970237,
                -2.9510208031999032
            ]
        },
        {
            "Target": [
                0.4,
                0.48,
                -8.85
            ],
            "PanTilt": [
                54.9,
                -36.3
            ],
            "PanTiltOffset": [
                -112.2255859375,
                16.382205963134766
            ],
            "Distance": null,
            "HomogTarget": [
                1.4228560774318706,
                -1.2775066411734755
            ]
        }
    ],
    "HomographyTop": [
        [
            -0.14614615853638313,
            -0.04811177435040097,
            0.4136280612817877
        ],
        [
            -0.03927803390245146,
            0.11197170703019935,
            0.5864295180612966
        ],
        [
            -0.032412817385378316,
            0.0900178072979251,
            1.0
        ]
    ],
    "HomographyBtm": [
        [
            -0.10724593689577115,
            -0.035527109221197714,
            0.30802771814929897
        ],
        [
            -0.027714126526795106,
            0.08127702128399895,
            0.2100454305427685
        ],
        [
            -0.024564883253293507,
            0.06586028121707943,
            1.0
        ]
    ],
    "HomographySide_1": [
        [
            -0.1133069410315834,
            -0.0018234144834861348,
            0.34468312920533006
        ],
        [
            -0.022919258540857336,
            0.07339272661936888,
            0.10747693100256302
        ],
        [
            -0.017188224223404575,
            -0.08997011157366544,
            1.0
        ]
    ],
    "HomographySide_2": [
        [
            -0.2363505746260147,
            -0.003883757583917038,
            1.359386138513389
        ],
        [
            -0.061685192737591876,
            0.1525393878607095,
            -1.1825087310048108
        ],
        [
            -0.04940102236866903,
            -0.19291915418403663,
            0.9999999999999999
        ]
    ],
    "Axis": "y",
    "DMXStartingAddress": 109
}