{
    "Position": [
        5.9877590000000005,
        30.0,
        -4.365367
    ],
    "Rotation": [
        135.0,
        112.5,
        0.0
    ],
    "PanTiltDirection": [
        0.0,
        90.0
    ],
    "DataPointsTop": [
        {
            "Target": [
                0.22,
                3.5,
                -0.84
            ],
            "PanTilt": [
                -19.5,
                24.6
            ],
            "PanTiltOffset": [
                -152.2836151123047,
                -73.30169677734375
            ],
            "Distance": null,
            "HomogTarget": [
                -0.354118572530698,
                0.4856944557497748
            ]
        },
        {
            "Target": [
                7.64,
                3.5,
                -0.36
            ],
            "PanTilt": [
                -69.5,
                -32.7
            ],
            "PanTiltOffset": [
                196.33584594726562,
                -1.6522674560546875
            ],
            "Distance": null,
            "HomogTarget": [
                -2.674621493926824,
                -1.8331669304572884
            ]
        },
        {
            "Target": [
                7.5600000000000005,
                3.5,
                -8.72
            ],
            "PanTilt": [
                78.60000000000001,
                -32.1
            ],
            "PanTiltOffset": [
                1.8195724487304688,
                33.42698669433594
            ],
            "Distance": null,
            "HomogTarget": [
                4.959447358451076,
                -3.1736682090617685
            ]
        },
        {
            "Target": [
                0.4,
                3.5,
                -8.85
            ],
            "PanTilt": [
                42.70000000000001,
                15.799999999999999
            ],
            "PanTiltOffset": [
                -72.54476928710938,
                -2.8655929565429688
            ],
            "Distance": null,
            "HomogTarget": [
                0.9227734410822142,
                0.38503994762322247
            ]
        }
    ],
    "DataPointsBtm": [
        {
            "Target": [
                0.22,
                0.48,
                -0.84
            ],
            "PanTilt": [
                -14.6,
                6.600000000000001
            ],
            "PanTiltOffset": [
                -150.60093688964844,
                -77.18153381347656
            ],
            "Distance": null,
            "HomogTarget": [
                -0.26048048931640233,
                0.11956479405629893
            ]
        },
        {
            "Target": [
                7.64,
                0.48,
                -0.36
            ],
            "PanTilt": [
                -44.7,
                -41.6
            ],
            "PanTiltOffset": [
                158.0758056640625,
                -5.462581634521484
            ],
            "Distance": null,
            "HomogTarget": [
                -0.9895824753187541,
                -1.2490745681237039
            ]
        },
        {
            "Target": [
                7.5600000000000005,
                0.48,
                -8.72
            ],
            "PanTilt": [
                55.2,
                -41.6
            ],
            "PanTiltOffset": [
                8.364151000976562,
                26.432723999023438
            ],
            "Distance": null,
            "HomogTarget": [
                1.4388114382235035,
                -1.5556692465762156
            ]
        },
        {
            "Target": [
                0.4,
                0.48,
                -8.85
            ],
            "PanTilt": [
                33.30000000000001,
                1.199999999999999
            ],
            "PanTiltOffset": [
                -44.69132614135742,
                -32.29581832885742
            ],
            "Distance": null,
            "HomogTarget": [
                0.6568772224012797,
                0.025062011747980263
            ]
        }
    ],
    "HomographyTop": [
        [
            -0.013615228829800664,
            -0.14654533072456746,
            -0.46396067952016895
        ],
        [
            -0.11201008459324233,
            0.013254140348971145,
            0.5073971069123137
        ],
        [
            -0.10535085963319309,
            0.00690230304576434,
            1.0
        ]
    ],
    "HomographyBtm": [
        [
            -0.010694518489417973,
            -0.10846992399397472,
            -0.3437762628366255
        ],
        [
            -0.0821496482834082,
            0.009853011845541168,
            0.14340518518094203
        ],
        [
            -0.07958228668760416,
            0.004139101890306007,
            0.9999999999999999
        ]
    ],
    "HomographySide_1": [
        [
            -0.019491023632962245,
            -0.0001377159563795794,
            -0.2415942125097238
        ],
        [
            -0.08165542545539882,
            0.07450620864889237,
            0.09509551343195556
        ],
        [
            -0.07406022422442204,
            -0.08228446129842043,
            1.0
        ]
    ],
    "HomographySide_2": [
        [
            -0.01052487480121912,
            0.0014466974019289526,
            0.6125791865191944
        ],
        [
            -0.0838393798860675,
            0.07706142018472764,
            0.01978403933422873
        ],
        [
            -0.07769214801512689,
            -0.08690071440644036,
            1.0
        ]
    ],
    "Axis": "y",
    "DMXStartingAddress": 28
}