{
    "Position": [
        6.0,
        6.3,
        -3.3
    ],
    "Rotation": [
        135.0,
        90.0,
        0.0
    ],
    "PanTiltDirection": [
        0.0,
        90.0
    ],
    "DataPointsTop": [
        {
            "Target": [
                -8.4,
                3.5,
                -0.76
            ],
            "PanTilt": [
                -31.7,
                30.099999999999994
            ],
            "PanTiltOffset": [
                19.90372085571289,
                3.3318099975585938
            ],
            "Distance": 14.887968063354492,
            "HomogTarget": [
                -0.6176125878609895,
                0.6813259936513439
            ]
        },
        {
            "Target": [
                26.24,
                3.5,
                -0.16
            ],
            "PanTilt": [
                -20.099999999999998,
                -128.20000000000002
            ],
            "PanTiltOffset": [
                -145.6147003173828,
                76.19326782226562
            ],
            "Distance": 20.672618865966797,
            "HomogTarget": [
                -0.3659480332448648,
                1.3531903989515564
            ]
        },
        {
            "Target": [
                24.85,
                3.5,
                -6.53
            ],
            "PanTilt": [
                -45.3,
                -134.50000000000003
            ],
            "PanTiltOffset": [
                209.41339111328125,
                82.12428283691406
            ],
            "Distance": 19.328615188598633,
            "HomogTarget": [
                -1.0105271919633483,
                1.4467089230358763
            ]
        },
        {
            "Target": [
                -8.32,
                3.5,
                -7.41
            ],
            "PanTilt": [
                -1.9999999999999887,
                35.69999999999997
            ],
            "PanTiltOffset": [
                20.752883911132812,
                -3.1957015991210938
            ],
            "Distance": 15.158973693847656,
            "HomogTarget": [
                -0.034920769491747536,
                0.7190108975728786
            ]
        }
    ],
    "DataPointsBtm": [
        {
            "Target": [
                -8.4,
                0.48,
                -0.76
            ],
            "PanTilt": [
                -27.5,
                21.099999999999998
            ],
            "PanTiltOffset": [
                17.426448822021484,
                1.5747222900390625
            ],
            "Distance": 15.7379789352417,
            "HomogTarget": [
                -0.5205670505517462,
                0.4350204884319005
            ]
        },
        {
            "Target": [
                26.24,
                0.48,
                -0.16
            ],
            "PanTilt": [
                -23.7,
                -120.9
            ],
            "PanTiltOffset": [
                -139.18380737304688,
                60.970054626464844
            ],
            "Distance": 21.29294776916504,
            "HomogTarget": [
                -0.4389693098524374,
                1.8247750390440556
            ]
        },
        {
            "Target": [
                24.85,
                0.48,
                -6.53
            ],
            "PanTilt": [
                -52.699999999999996,
                -127.50000000000003
            ],
            "PanTiltOffset": [
                213.3809356689453,
                66.73518371582031
            ],
            "Distance": 19.990692138671875,
            "HomogTarget": [
                -1.3126876364400708,
                2.1505780841180657
            ]
        },
        {
            "Target": [
                -8.32,
                0.48,
                -7.41
            ],
            "PanTilt": [
                -1.6999999999999886,
                25.29999999999997
            ],
            "PanTiltOffset": [
                17.79817771911621,
                -3.2276229858398438
            ],
            "Distance": 15.994589805603027,
            "HomogTarget": [
                -0.029679307131808316,
                0.4729059792295896
            ]
        }
    ],
    "HomographyTop": [
        [
            0.06850563028352591,
            -0.18741261697016257,
            -0.9062118700620542
        ],
        [
            -0.14013245379539155,
            -0.05029035942454993,
            0.26204781653276166
        ],
        [
            -0.13437804274734552,
            -0.05212553570433828,
            0.9999999999999999
        ]
    ],
    "HomographyBtm": [
        [
            0.04763633310986339,
            -0.13189967878044312,
            -0.6418022161530392
        ],
        [
            -0.09774193866760549,
            -0.02842238795101147,
            -0.055683032670255934
        ],
        [
            -0.0929667805751007,
            -0.03694067372999358,
            1.0
        ]
    ],
    "HomographySide_1": [
        [
            0.0410636530189223,
            0.0028904372352594417,
            -0.5241226352096229
        ],
        [
            -0.08750740942252871,
            0.0736645807551452,
            -0.045338499478880495
        ],
        [
            -0.08460136095719614,
            -0.09140222693347602,
            1.0
        ]
    ],
    "HomographySide_2": [
        [
            0.03237962450208875,
            2.324548462505744e-05,
            0.2234634819144631
        ],
        [
            -0.0728397717881733,
            0.07032185809799889,
            0.09196253960323246
        ],
        [
            -0.07026058098754925,
            -0.07756915465243241,
            1.0
        ]
    ],
    "Axis": "y",
    "DMXStartingAddress": 1
}