{
    "Position": [
        8.1,
        1.1,
        -9.2
    ],
    "Rotation": [
        135.0,
        180.0,
        0.0
    ],
    "PanTiltDirection": [
        0.0,
        -90.0
    ],
    "DataPointsTop": [],
    "DataPointsBtm": [],
    "HomographyTop": [
        [
            0.11831222800314953,
            0.02261266257949313,
            -0.7068137381581271
        ],
        [
            -0.04592132355048307,
            0.034607829514945725,
            0.9951745732532914
        ],
        [
            -0.0031601477376316744,
            0.11877567336544764,
            1.0
        ]
    ],
    "HomographyBtm": [
        [
            0.10532868112421959,
            0.014508932461549292,
            -0.7398459542238823
        ],
        [
            -0.040046817383775746,
            0.036693903215696246,
            0.584777914332417
        ],
        [
            -3.1947018038871408e-06,
            0.1054961873298872,
            1.0
        ]
    ],
    "HomographySide_1": [
        [
            0.021293331579988205,
            0.01783623295045156,
            0.1413131597242119
        ],
        [
            0.0675599152728478,
            0.03525603309552337,
            0.225618993161314
        ],
        [
            -0.08562016928756361,
            0.0929140762789575,
            1.0
        ]
    ],
    "HomographySide_2": [
        [
            0.037099959594083506,
            0.006102746840978264,
            -0.7306431102235903
        ],
        [
            0.09757080008568189,
            0.03941397194536165,
            0.5488982003834986
        ],
        [
            -0.03841784632045554,
            0.10649572414140396,
            1.0
        ]
    ],
    "Axis": "z",
    "DMXStartingAddress": 163
}