{
    "Position": [
        0.9,
        1.1,
        -9.2
    ],
    "Rotation": [
        135.0,
        180.0,
        0.0
    ],
    "PanTiltDirection": [
        0.0,
        -90.0
    ],
    "DataPointsTop": [
        {
            "Target": [
                8.42,
                3.33,
                -0.6
            ],
            "PanTilt": [
                34.94,
                40.13499999999999
            ],
            "PanTiltOffset": [
                -178.6986541748047,
                116.22442626953125
            ],
            "Distance": null,
            "HomogTarget": [
                0.6986480524780349,
                1.0285092394815727
            ]
        },
        {
            "Target": [
                8.63,
                3.15,
                -7.17
            ],
            "PanTilt": [
                81.0,
                41.599999999999994
            ],
            "PanTiltOffset": [
                -188.18814086914062,
                104.76461791992188
            ],
            "Distance": null,
            "HomogTarget": [
                6.313751514675041,
                5.6754855499530334
            ]
        },
        {
            "Target": [
                0.19,
                3.15,
                -7.22
            ],
            "PanTilt": [
                -58.9,
                49.99999999999999
            ],
            "PanTiltOffset": [
                204.25271606445312,
                95.02759552001953
            ],
            "Distance": null,
            "HomogTarget": [
                -1.65771894425306,
                2.3072152869769518
            ]
        },
        {
            "Target": [
                0.14,
                3.27,
                -0.47
            ],
            "PanTilt": [
                -19.700000000000003,
                30.400000000000006
            ],
            "PanTiltOffset": [
                190.2290496826172,
                138.23361206054688
            ],
            "Distance": null,
            "HomogTarget": [
                -0.3580518373948516,
                0.6231703355260744
            ]
        }
    ],
    "DataPointsBtm": [],
    "HomographyTop": [
        [
            0.11667586871190742,
            -0.014841178672193497,
            -0.3611691086590618
        ],
        [
            0.04164124636338931,
            0.03961815882979975,
            0.6008167420790611
        ],
        [
            -0.0031613884511551833,
            0.11904987143409688,
            1.0
        ]
    ],
    "HomographyBtm": [
        [
            0.10695793218654144,
            -0.015122261584237077,
            -0.20846126658482095
        ],
        [
            0.04075426024576612,
            0.036797272049864355,
            0.2262107772934759
        ],
        [
            0.0022343565563587354,
            0.10707999937884718,
            0.9999999999999999
        ]
    ],
    "HomographySide_1": [
        [
            -0.04461399395516203,
            -0.005134928594835188,
            0.6874320547741487
        ],
        [
            0.08727519990598567,
            0.0391794246864976,
            0.5307063819914466
        ],
        [
            -0.04837732290016469,
            0.10532217359717987,
            1.0
        ]
    ],
    "HomographySide_2": [
        [
            -0.03623961318593252,
            -0.015690183011887116,
            -0.1823537902568305
        ],
        [
            0.09915203214972929,
            0.036130357868739305,
            0.2035456837562782
        ],
        [
            -0.03994593067411468,
            0.10576754451644436,
            1.0
        ]
    ],
    "Axis": "z",
    "DMXStartingAddress": 28
}