{
    "Position": [
        3.374633,
        30.0,
        -5.447759
    ],
    "Rotation": [
        135.0,
        202.5,
        -5.447759
    ],
    "PanTiltDirection": [
        0.0,
        90.0
    ],
    "DataPointsTop": [
        {
            "Target": [
                0.22,
                3.5,
                -0.84
            ],
            "PanTilt": [
                39.699999999999996,
                10.0
            ],
            "PanTiltOffset": [
                -162.4566192626953,
                -44.8630485534668
            ],
            "Distance": null,
            "HomogTarget": [
                0.8302159954806116,
                0.22917478903106178
            ]
        },
        {
            "Target": [
                7.64,
                3.5,
                -0.36
            ],
            "PanTilt": [
                -26.4,
                14.9
            ],
            "PanTiltOffset": [
                199.9356689453125,
                -66.44068908691406
            ],
            "Distance": null,
            "HomogTarget": [
                -0.49640431098736704,
                0.2970592086687518
            ]
        },
        {
            "Target": [
                7.5600000000000005,
                3.5,
                -8.72
            ],
            "PanTilt": [
                -90.4,
                -41.4
            ],
            "PanTiltOffset": [
                112.27875518798828,
                35.513145446777344
            ],
            "Distance": null,
            "HomogTarget": [
                143.2371216694716,
                126.28358702233032
            ]
        },
        {
            "Target": [
                0.4,
                3.5,
                -8.85
            ],
            "PanTilt": [
                104.0,
                -51.00000000000001
            ],
            "PanTiltOffset": [
                -183.5358428955078,
                50.70269012451172
            ],
            "Distance": null,
            "HomogTarget": [
                -4.010780933535844,
                5.104528275433815
            ]
        }
    ],
    "DataPointsBtm": [
        {
            "Target": [
                0.22,
                0.48,
                -0.84
            ],
            "PanTilt": [
                31.699999999999996,
                -8.2
            ],
            "PanTiltOffset": [
                -140.11766052246094,
                -39.01427459716797
            ],
            "Distance": null,
            "HomogTarget": [
                0.6176125878609894,
                -0.16937038050104436
            ]
        },
        {
            "Target": [
                7.64,
                0.48,
                -0.36
            ],
            "PanTilt": [
                -20.500000000000004,
                -2.8999999999999995
            ],
            "PanTiltOffset": [
                188.89898681640625,
                -68.91411590576172
            ],
            "Distance": null,
            "HomogTarget": [
                -0.37388467948480475,
                -0.054082757259772546
            ]
        },
        {
            "Target": [
                7.5600000000000005,
                0.48,
                -8.72
            ],
            "PanTilt": [
                -64.0,
                -52.8
            ],
            "PanTiltOffset": [
                71.98097229003906,
                18.46788787841797
            ],
            "Distance": null,
            "HomogTarget": [
                -2.050303841579296,
                -3.005333166296645
            ]
        },
        {
            "Target": [
                0.4,
                0.48,
                -8.85
            ],
            "PanTilt": [
                69.7,
                -61.10000000000001
            ],
            "PanTiltOffset": [
                -132.97850036621094,
                44.959556579589844
            ],
            "Distance": null,
            "HomogTarget": [
                2.703351270931178,
                -5.221420360711869
            ]
        }
    ],
    "HomographyTop": [
        [
            -0.1734174845486997,
            0.02137058650845865,
            0.7992833552988124
        ],
        [
            0.00813685878685289,
            0.1117196056534565,
            0.29720358807501807
        ],
        [
            0.01580959816182893,
            0.12894429972925323,
            1.0
        ]
    ],
    "HomographyBtm": [
        [
            -0.13069717206727705,
            0.01534313996248531,
            0.6110652614938725
        ],
        [
            0.008035234913582504,
            0.08268397419396316,
            -0.08846854829606388
        ],
        [
            0.011201628584461849,
            0.09582014824200492,
            1.0
        ]
    ],
    "HomographySide_1": [
        [
            -0.1379059564978474,
            -0.0036620617471762825,
            0.6274733288414792
        ],
        [
            0.013662846844929542,
            0.10747304955676766,
            -0.21786530255658967
        ],
        [
            0.024317617201580002,
            -0.08615339461853513,
            1.0
        ]
    ],
    "HomographySide_2": [
        [
            -0.6877861097082403,
            -0.021496459376151803,
            2.487394564940067
        ],
        [
            0.03662585851998389,
            0.5076779861992419,
            -4.5113413933659965
        ],
        [
            0.07169885228862462,
            -0.4461440281072493,
            0.9999999999999999
        ]
    ],
    "Axis": "z",
    "DMXStartingAddress": 136
}