{
    "Position": [
        2.9,
        4.8,
        -8.0
    ],
    "Rotation": [
        135.0,
        0.0,
        0.0
    ],
    "PanTiltDirection": [
        0.0,
        -90.0
    ],
    "DataPointsTop": [],
    "DataPointsBtm": [],
    "HomographyTop": [
        [
            -0.11287692014337375,
            -0.020307021660894285,
            0.2246150033490911
        ],
        [
            0.043764225709488194,
            -0.03582940257167555,
            -0.27904558076022595
        ],
        [
            -0.0061618610462531006,
            0.11667075378413097,
            1.0
        ]
    ],
    "HomographyBtm": [
        [
            -0.10437190077112715,
            -0.01411357102922189,
            0.3185176977383509
        ],
        [
            0.04086325298009564,
            -0.032748311087304555,
            0.0505366237342368
        ],
        [
            -0.0008386661147716838,
            0.10593042465324126,
            0.9999999999999999
        ]
    ],
    "HomographySide_1": [
        [
            -0.028728778307779528,
            -0.021433601477293066,
            -0.5540121717656246
        ],
        [
            -0.10190325821856164,
            -0.026120810318551305,
            0.4226712686626479
        ],
        [
            -0.04572589861744848,
            0.10687895804365619,
            1.0
        ]
    ],
    "HomographySide_2": [
        [
            -0.03800204035788872,
            -0.010096915269003253,
            0.31260759225143453
        ],
        [
            -0.0987989573575244,
            -0.030435044421675137,
            0.082324947165128
        ],
        [
            -0.03511434029626515,
            0.10671625537688119,
            1.0
        ]
    ],
    "Axis": "z",
    "DMXStartingAddress": 82
}