{
    "Position": [
        2.14,
        30.0,
        -3.6
    ],
    "Rotation": [
        135.0,
        270.0,
        -3.6
    ],
    "PanTiltDirection": [
        0.0,
        90.0
    ],
    "DataPointsTop": [
        {
            "Target": [
                0.22,
                3.5,
                -0.84
            ],
            "PanTilt": [
                67.20000000000002,
                -25.6
            ],
            "PanTiltOffset": [
                -71.27003479003906,
                83.98970794677734
            ],
            "Distance": null,
            "HomogTarget": [
                2.3789059945397675,
                -1.2363882593420996
            ]
        },
        {
            "Target": [
                7.64,
                3.5,
                -0.36
            ],
            "PanTilt": [
                15.3,
                25.0
            ],
            "PanTiltOffset": [
                -73.29934692382812,
                15.024505615234375
            ],
            "Distance": null,
            "HomogTarget": [
                0.2735690430822373,
                0.48344209399225185
            ]
        },
        {
            "Target": [
                7.5600000000000005,
                3.5,
                -8.72
            ],
            "PanTilt": [
                -51.300000000000004,
                7.8
            ],
            "PanTiltOffset": [
                -46.68723678588867,
                4.973701477050781
            ],
            "Distance": null,
            "HomogTarget": [
                -1.2482040363530493,
                0.2190876762017976
            ]
        },
        {
            "Target": [
                0.4,
                3.5,
                -8.85
            ],
            "PanTilt": [
                -89.4,
                -46.400000000000006
            ],
            "PanTiltOffset": [
                -67.40247344970703,
                99.02428436279297
            ],
            "Distance": null,
            "HomogTarget": [
                -95.48947517111472,
                -100.27932560813704
            ]
        }
    ],
    "DataPointsBtm": [
        {
            "Target": [
                0.22,
                0.48,
                -0.84
            ],
            "PanTilt": [
                46.100000000000016,
                -37.1
            ],
            "PanTiltOffset": [
                -48.86214828491211,
                75.1114273071289
            ],
            "Distance": null,
            "HomogTarget": [
                1.0391537522651564,
                -1.0907009892226345
            ]
        },
        {
            "Target": [
                7.64,
                0.48,
                -0.36
            ],
            "PanTilt": [
                12.300000000000015,
                6.999999999999999
            ],
            "PanTiltOffset": [
                -60.28795623779297,
                20.959976196289062
            ],
            "Distance": null,
            "HomogTarget": [
                0.21803526043102883,
                0.12566922579212805
            ]
        },
        {
            "Target": [
                7.5600000000000005,
                0.48,
                -8.72
            ],
            "PanTilt": [
                -40.7,
                -6.7
            ],
            "PanTiltOffset": [
                -41.41653060913086,
                3.8731918334960938
            ],
            "Distance": null,
            "HomogTarget": [
                -0.8601356945537217,
                -0.1549501134387397
            ]
        },
        {
            "Target": [
                0.4,
                0.48,
                -8.85
            ],
            "PanTilt": [
                -59.00000000000001,
                -54.900000000000006
            ],
            "PanTiltOffset": [
                31.700088500976562,
                31.41119384765625
            ],
            "Distance": null,
            "HomogTarget": [
                -1.6642794823505183,
                -2.7626230889441663
            ]
        }
    ],
    "HomographyTop": [
        [
            -0.20313122545421577,
            0.566106739740595,
            2.851626001961244
        ],
        [
            0.4144938463937103,
            0.15167574674289822,
            -1.1754828325214124
        ],
        [
            0.39949977913468243,
            0.1284005901935986,
            1.0
        ]
    ],
    "HomographyBtm": [
        [
            -0.08755046164613171,
            0.2449066139876852,
            1.2538807067922915
        ],
        [
            0.17988049194694217,
            0.06579407412255561,
            -1.0642433007120562
        ],
        [
            0.1700160181324886,
            0.056277080749733116,
            1.0
        ]
    ],
    "HomographySide_1": [
        [
            -0.06744382707849034,
            -0.0083204258414788,
            1.007419785427671
        ],
        [
            0.17776089964972924,
            0.17777754044719699,
            -1.1620679454723515
        ],
        [
            0.17352315156097442,
            -0.18090672287393395,
            1.0
        ]
    ],
    "HomographySide_2": [
        [
            -0.14974480129886114,
            -0.007689916506724563,
            -1.5490337893535466
        ],
        [
            0.30631565905856656,
            0.3175408541658967,
            -2.951821512758288
        ],
        [
            0.3006147198818202,
            -0.3151756340626231,
            1.0
        ]
    ],
    "Axis": "z",
    "DMXStartingAddress": 1
}