{
    "Position": [
        2.2922409999999998,
        6.3,
        -2.834633
    ],
    "Rotation": [
        135.0,
        292.5,
        -2.834633
    ],
    "PanTiltDirection": [
        0.0,
        90.0
    ],
    "DataPointsTop": [
        {
            "Target": [
                0.22,
                3.5,
                -0.84
            ],
            "PanTilt": [
                77.0,
                -46.9
            ],
            "PanTiltOffset": [
                -67.8341293334961,
                107.6046371459961
            ],
            "Distance": null,
            "HomogTarget": [
                4.331475874284157,
                -4.75047030000194
            ]
        },
        {
            "Target": [
                7.64,
                3.5,
                -0.36
            ],
            "PanTilt": [
                28.3,
                18.1
            ],
            "PanTiltOffset": [
                -84.25572204589844,
                26.236412048339844
            ],
            "Distance": null,
            "HomogTarget": [
                0.538444523482208,
                0.37121952124078167
            ]
        },
        {
            "Target": [
                7.5600000000000005,
                3.5,
                -8.72
            ],
            "PanTilt": [
                -38.4,
                15.2
            ],
            "PanTiltOffset": [
                -63.121910095214844,
                1.4789581298828125
            ],
            "Distance": null,
            "HomogTarget": [
                -0.7925902334285443,
                0.34668400531818955
            ]
        },
        {
            "Target": [
                0.4,
                3.5,
                -8.85
            ],
            "PanTilt": [
                -78.7,
                -26.8
            ],
            "PanTiltOffset": [
                239.6691436767578,
                78.54228210449219
            ],
            "Distance": null,
            "HomogTarget": [
                -5.004511123898057,
                -2.5779346158726018
            ]
        }
    ],
    "DataPointsBtm": [
        {
            "Target": [
                0.22,
                0.48,
                -0.84
            ],
            "PanTilt": [
                45.3,
                -53.4
            ],
            "PanTiltOffset": [
                -39.187503814697266,
                93.99707794189453
            ],
            "Distance": null,
            "HomogTarget": [
                1.0105271919633483,
                -1.9142895687017412
            ]
        },
        {
            "Target": [
                7.64,
                0.48,
                -0.36
            ],
            "PanTilt": [
                22.599999999999998,
                0.0
            ],
            "PanTiltOffset": [
                -67.81660461425781,
                31.47052001953125
            ],
            "Distance": null,
            "HomogTarget": [
                0.41625982418343865,
                0.0
            ]
        },
        {
            "Target": [
                7.5600000000000005,
                0.48,
                -8.72
            ],
            "PanTilt": [
                -30.9,
                -0.1999999999999984
            ],
            "PanTiltOffset": [
                -52.438636779785156,
                -0.645843505859375
            ],
            "Distance": null,
            "HomogTarget": [
                -0.5984876535943137,
                -0.004068075338254723
            ]
        },
        {
            "Target": [
                0.4,
                0.48,
                -8.85
            ],
            "PanTilt": [
                -59.199999999999996,
                -39.39999999999999
            ],
            "PanTiltOffset": [
                95.29116821289062,
                26.723419189453125
            ],
            "Distance": null,
            "HomogTarget": [
                -1.677515606330697,
                -1.6041806592684535
            ]
        }
    ],
    "HomographyTop": [
        [
            0.05668594653178435,
            2.433714837391117,
            8.453734449287426
        ],
        [
            1.6935944246285948,
            -0.0012152299274083512,
            -7.416701435263977
        ],
        [
            1.8117053457955474,
            -0.1000402860995797,
            1.0
        ]
    ],
    "HomographyBtm": [
        [
            0.008018898350858094,
            0.3972638227095593,
            1.4193960994111212
        ],
        [
            0.27769890498492583,
            -0.0010441750964181797,
            -2.121995500057676
        ],
        [
            0.28901965865089424,
            -0.014935436440674014,
            1.0
        ]
    ],
    "HomographySide_1": [
        [
            0.03412307847571335,
            -0.013275560526772109,
            0.9504496587012229
        ],
        [
            0.24294228161056128,
            0.26588361077567163,
            -1.9837031293880942
        ],
        [
            0.2631564964186233,
            -0.2421313855929768,
            1.0
        ]
    ],
    "HomographySide_2": [
        [
            0.004187099204160411,
            -0.002868547878596555,
            -1.6653528892425773
        ],
        [
            0.22083110904854628,
            0.24175351138750859,
            -1.7966388836655978
        ],
        [
            0.24293851302895653,
            -0.21792387728511609,
            1.0
        ]
    ],
    "Axis": "z",
    "DMXStartingAddress": 28
}