{
    "Position": [
        7.1,
        0.7,
        -9.2
    ],
    "Rotation": [
        135.0,
        180.0,
        0.0
    ],
    "PanTiltDirection": [
        0.0,
        -90.0
    ],
    "DataPointsTop": [],
    "DataPointsBtm": [],
    "HomographyTop": [
        [
            0.11518531537880088,
            0.0221937216028256,
            -0.5665644134635142
        ],
        [
            -0.04448196646687986,
            0.03175505614277045,
            0.9727676044993441
        ],
        [
            -0.006076876042765896,
            0.11603685464214614,
            1.0
        ]
    ],
    "HomographyBtm": [
        [
            0.10185485895499706,
            0.017534037993481705,
            -0.6160915117660153
        ],
        [
            -0.0410656010455238,
            0.03660672284284857,
            0.6008268960364334
        ],
        [
            -0.009537769999262232,
            0.10293318564598541,
            1.0
        ]
    ],
    "HomographySide_1": [
        [
            0.03512583677494298,
            0.023250264596084844,
            0.2534981114389298
        ],
        [
            0.09073444199063758,
            0.037655207691459094,
            0.24992684293788162
        ],
        [
            -0.03902450998930167,
            0.11046605864378091,
            1.0
        ]
    ],
    "HomographySide_2": [
        [
            0.0358307989960013,
            0.002916002459302981,
            -0.6118752550801775
        ],
        [
            0.08957905457989374,
            0.04276283392938272,
            0.5688617073865747
        ],
        [
            -0.03495845823340589,
            0.10679465217786255,
            1.0
        ]
    ],
    "Axis": "z",
    "DMXStartingAddress": 136
}