{
    "Position": [
        3.374633,
        6.3,
        -1.7522410000000002
    ],
    "Rotation": [
        135.0,
        337.5,
        0.0
    ],
    "PanTiltDirection": [
        0.0,
        90.0
    ],
    "DataPointsTop": [
        {
            "Target": [
                0.22,
                3.5,
                -0.84
            ],
            "PanTilt": [
                120.2,
                -110.0
            ],
            "PanTiltOffset": [
                -83.90217590332031,
                171.02061462402344
            ],
            "Distance": null,
            "HomogTarget": [
                -1.7181720282536324,
                -5.461965152396364
            ]
        },
        {
            "Target": [
                7.64,
                3.5,
                -0.36
            ],
            "PanTilt": [
                236.20000000000002,
                -181.9
            ],
            "PanTiltOffset": [
                -286.1238098144531,
                235.8600311279297
            ],
            "Distance": null,
            "HomogTarget": [
                1.4937821656692047,
                0.05963271267974704
            ]
        },
        {
            "Target": [
                7.5600000000000005,
                3.5,
                -8.72
            ],
            "PanTilt": [
                -3.0,
                32.1
            ],
            "PanTiltOffset": [
                -109.42749786376953,
                -4.7987518310546875
            ],
            "Distance": null,
            "HomogTarget": [
                -0.05240777928304121,
                0.62815968847056
            ]
        },
        {
            "Target": [
                0.4,
                3.5,
                -8.85
            ],
            "PanTilt": [
                -51.199999999999996,
                8.8
            ],
            "PanTiltOffset": [
                180.07235717773438,
                29.215850830078125
            ],
            "Distance": null,
            "HomogTarget": [
                -1.2437491614269425,
                0.24705910865824668
            ]
        }
    ],
    "DataPointsBtm": [
        {
            "Target": [
                0.22,
                0.48,
                -0.84
            ],
            "PanTilt": [
                162.1,
                -119.8
            ],
            "PanTiltOffset": [
                -137.239990234375,
                163.2488555908203
            ],
            "Distance": null,
            "HomogTarget": [
                -0.32299119934583775,
                -1.8349187673030376
            ]
        },
        {
            "Target": [
                7.64,
                0.48,
                -0.36
            ],
            "PanTilt": [
                222.29999999999998,
                -166.50000000000003
            ],
            "PanTiltOffset": [
                -260.04205322265625,
                205.9764862060547
            ],
            "Distance": null,
            "HomogTarget": [
                0.9099299881777368,
                -0.32459257149952403
            ]
        },
        {
            "Target": [
                7.5600000000000005,
                0.48,
                -8.72
            ],
            "PanTilt": [
                -1.7,
                15.6
            ],
            "PanTiltOffset": [
                -85.69358825683594,
                -9.886878967285156
            ],
            "Distance": null,
            "HomogTarget": [
                -0.029679307131808514,
                0.2793279601453314
            ]
        },
        {
            "Target": [
                0.4,
                0.48,
                -8.85
            ],
            "PanTilt": [
                -39.8,
                -5.099999999999999
            ],
            "PanTiltOffset": [
                127.04716491699219,
                13.615821838378906
            ],
            "Distance": null,
            "HomogTarget": [
                -0.8331685892350582,
                -0.11616495684846902
            ]
        }
    ],
    "HomographyTop": [
        [
            8.715746593656997,
            7.185685680960117,
            -7.748326473208279
        ],
        [
            5.7918434645793315,
            -6.262204078870589,
            -44.2584170129134
        ],
        [
            4.522668026811835,
            -5.8472353157466745,
            1.0
        ]
    ],
    "HomographyBtm": [
        [
            0.3232330149473107,
            0.26674674745731775,
            -0.24007048012075044
        ],
        [
            0.21328952431136622,
            -0.23093757881952584,
            -2.473701702912459
        ],
        [
            0.16587539688831435,
            -0.21469147766388905,
            0.9999999999999999
        ]
    ],
    "HomographySide_1": [
        [
            0.26135496135037345,
            -0.008875564448673616,
            -0.3476195627672445
        ],
        [
            0.14631064529026705,
            0.21568120601072469,
            -1.8081032593657282
        ],
        [
            0.1207907465354345,
            -0.23989693824054506,
            1.0
        ]
    ],
    "HomographySide_2": [
        [
            0.10750658457595473,
            -0.004793175143434222,
            -0.8505129774797179
        ],
        [
            0.06843178097029252,
            0.0916043391775036,
            -0.1842511231311042
        ],
        [
            0.05278335802647539,
            -0.10239143056120284,
            1.0
        ]
    ],
    "Axis": "z",
    "DMXStartingAddress": 82
}