{
    "Position": [
        0.9,
        4.0,
        -8.0
    ],
    "Rotation": [
        135.0,
        0.0,
        0.0
    ],
    "PanTiltDirection": [
        0.0,
        -90.0
    ],
    "DataPointsTop": [],
    "DataPointsBtm": [],
    "HomographyTop": [
        [
            -0.11128762319319459,
            -0.016033459666519055,
            0.020740997697538285
        ],
        [
            0.04204747439645395,
            -0.03696298027685213,
            -0.2870446330609752
        ],
        [
            -0.0061584975180667325,
            0.11585118029182563,
            1.0
        ]
    ],
    "HomographyBtm": [
        [
            -0.10526810177296866,
            -0.01204320871822064,
            0.13585735364310947
        ],
        [
            0.03899933295039518,
            -0.03338648638633704,
            0.049243161117021136
        ],
        [
            -0.00023870465733361756,
            0.10594404078385444,
            1.0
        ]
    ],
    "HomographySide_1": [
        [
            -0.024144210990107707,
            -0.0203370311002544,
            -0.7412248791829826
        ],
        [
            -0.10220713071339727,
            -0.02732235442774353,
            0.4035638185095848
        ],
        [
            -0.04560705754625059,
            0.10623860679201702,
            1.0
        ]
    ],
    "HomographySide_2": [
        [
            -0.037981896809967386,
            -0.009724339569214955,
            0.13077064903933108
        ],
        [
            -0.10003949275692821,
            -0.03123840124670303,
            0.0809931517848609
        ],
        [
            -0.03701742224562421,
            0.10649584208940245,
            1.0
        ]
    ],
    "Axis": "z",
    "DMXStartingAddress": 28
}