{
    "Position": [
        4.905367,
        6.3,
        -5.447759
    ],
    "Rotation": [
        135.0,
        157.5,
        0.0
    ],
    "PanTiltDirection": [
        0.0,
        90.0
    ],
    "DataPointsTop": [
        {
            "Target": [
                0.22,
                3.5,
                -0.84
            ],
            "PanTilt": [
                8.8,
                27.4
            ],
            "PanTiltOffset": [
                -155.90628051757812,
                -77.87997436523438
            ],
            "Distance": null,
            "HomogTarget": [
                0.15480817911756378,
                0.5245252772965368
            ]
        },
        {
            "Target": [
                7.64,
                3.5,
                -0.36
            ],
            "PanTilt": [
                -54.599999999999994,
                -0.3000000000000005
            ],
            "PanTiltOffset": [
                188.00421142578125,
                -43.79605484008789
            ],
            "Distance": null,
            "HomogTarget": [
                -1.4071366974211927,
                -0.009038849967322453
            ]
        },
        {
            "Target": [
                7.5600000000000005,
                3.5,
                -8.72
            ],
            "PanTilt": [
                -55.0,
                -101.5
            ],
            "PanTiltOffset": [
                127.95895385742188,
                96.69017791748047
            ],
            "Distance": null,
            "HomogTarget": [
                -1.4281480067421144,
                8.569314775795606
            ]
        },
        {
            "Target": [
                0.4,
                3.5,
                -8.85
            ],
            "PanTilt": [
                66.5,
                -9.2
            ],
            "PanTiltOffset": [
                -125.19570922851562,
                2.9934768676757812
            ],
            "Distance": null,
            "HomogTarget": [
                2.2998425472362567,
                -0.4061819092342934
            ]
        }
    ],
    "DataPointsBtm": [
        {
            "Target": [
                0.22,
                0.48,
                -0.84
            ],
            "PanTilt": [
                6.6000000000000005,
                9.099999999999998
            ],
            "PanTiltOffset": [
                -133.4450225830078,
                -76.68140411376953
            ],
            "Distance": null,
            "HomogTarget": [
                0.11570394767506875,
                0.16124264156686785
            ]
        },
        {
            "Target": [
                7.64,
                0.48,
                -0.36
            ],
            "PanTilt": [
                -40.4,
                -14.900000000000002
            ],
            "PanTiltOffset": [
                156.74798583984375,
                -43.07573699951172
            ],
            "Distance": null,
            "HomogTarget": [
                -0.8510667088560945,
                -0.3493972976260016
            ]
        },
        {
            "Target": [
                7.5600000000000005,
                0.48,
                -8.72
            ],
            "PanTilt": [
                23.500000000000007,
                -74.1
            ],
            "PanTiltOffset": [
                29.09239959716797,
                50.64324951171875
            ],
            "Distance": null,
            "HomogTarget": [
                0.4348123749609337,
                -3.8280232379417627
            ]
        },
        {
            "Target": [
                0.4,
                0.48,
                -8.85
            ],
            "PanTilt": [
                51.3,
                -21.2
            ],
            "PanTiltOffset": [
                -85.66648864746094,
                -7.787384033203125
            ],
            "Distance": null,
            "HomogTarget": [
                1.2482040363530489,
                -0.62035824602801
            ]
        }
    ],
    "HomographyTop": [
        [
            -0.10462226955666705,
            -0.09303669002397497,
            0.08871631649903802
        ],
        [
            -0.07134699557707287,
            0.07843330717339472,
            0.5689775953728798
        ],
        [
            -0.0647348659787355,
            0.06731231406025523,
            1.0
        ]
    ],
    "HomographyBtm": [
        [
            -0.07968890019855167,
            -0.07040436045703265,
            0.06787662158379457
        ],
        [
            -0.05289118266165717,
            0.058753842128278874,
            0.21356495291842437
        ],
        [
            -0.04918482910575077,
            0.05110775600053353,
            0.9999999999999999
        ]
    ],
    "HomographySide_1": [
        [
            -0.08681467070246948,
            -0.00035834203805239505,
            0.1293185627518215
        ],
        [
            -0.0502205593233914,
            0.07146984859007384,
            0.13010270033975319
        ],
        [
            -0.043601797841377854,
            -0.08186732311021107,
            1.0
        ]
    ],
    "HomographySide_2": [
        [
            -0.13820525909211465,
            0.0011887538356511313,
            1.1803563957350813
        ],
        [
            -0.08920614194159586,
            0.11920821220997184,
            -0.5809837564912076
        ],
        [
            -0.08223659261636171,
            -0.13602858606122403,
            1.0
        ]
    ],
    "Axis": "z",
    "DMXStartingAddress": 82
}