{
    "Position": [
        9.1,
        1.5,
        -9.2
    ],
    "Rotation": [
        135.0,
        180.0,
        0.0
    ],
    "PanTiltDirection": [
        0.5,
        -88.1
    ],
    "DataPointsTop": [],
    "DataPointsBtm": [],
    "HomographyTop": [
        [
            0.11838350452154399,
            0.022033696581402435,
            -0.8315272678267419
        ],
        [
            -0.043337859139419524,
            0.031138174660869346,
            0.9179371897329651
        ],
        [
            -0.001917054910539054,
            0.11913128779334374,
            1.0
        ]
    ],
    "HomographyBtm": [
        [
            0.10516875250918703,
            0.014120351016896487,
            -0.8549021978093104
        ],
        [
            -0.03764843105767146,
            0.033035139020176046,
            0.524799898968738
        ],
        [
            0.004753190687226613,
            0.10685310597535333,
            1.0
        ]
    ],
    "HomographySide_1": [
        [
            0.03630040803640057,
            0.015261520064493377,
            0.020712243021646353
        ],
        [
            0.09356763723948217,
            0.029354017921064724,
            0.17147670639984325
        ],
        [
            -0.0424664355743804,
            0.10643259342150563,
            1.0
        ]
    ],
    "HomographySide_2": [
        [
            0.036209996218701176,
            0.004674438333402477,
            -0.8448363563300884
        ],
        [
            0.0975405853776413,
            0.0354912913027082,
            0.4898495017609906
        ],
        [
            -0.03552802128854723,
            0.10774475329639203,
            1.0
        ]
    ],
    "Axis": "z",
    "DMXStartingAddress": 190
}