{
    "Position": [
        1.9,
        4.4,
        -8.0
    ],
    "Rotation": [
        135.0,
        0.0,
        0.0
    ],
    "PanTiltDirection": [
        0.0,
        -90.0
    ],
    "DataPointsTop": [],
    "DataPointsBtm": [],
    "HomographyTop": [
        [
            -0.11286017861416989,
            -0.017628104769583444,
            0.13470912841263635
        ],
        [
            0.04311189479574663,
            -0.03690296419020397,
            -0.2876694985070518
        ],
        [
            -0.005014253996759679,
            0.11665386021454197,
            1.0
        ]
    ],
    "HomographyBtm": [
        [
            -0.10501861709751865,
            -0.01204391907911704,
            0.23712287416783748
        ],
        [
            0.04053195883536368,
            -0.033432436906950753,
            0.04350590718775705
        ],
        [
            0.0011706876356028049,
            0.10667776181107717,
            1.0
        ]
    ],
    "HomographySide_1": [
        [
            -0.02771896935711494,
            -0.018976422778344288,
            -0.6297700418426176
        ],
        [
            -0.10088993188730172,
            -0.027430240592018866,
            0.40556026494735997
        ],
        [
            -0.0458988065901127,
            0.10562824618651101,
            1.0
        ]
    ],
    "HomographySide_2": [
        [
            -0.03763995639762252,
            -0.009120285092752143,
            0.23130910484040335
        ],
        [
            -0.0990139579105636,
            -0.031440332632911114,
            0.07521396564611232
        ],
        [
            -0.034918563647471416,
            0.10714461013228505,
            0.9999999999999999
        ]
    ],
    "Axis": "z",
    "DMXStartingAddress": 55
}