{
    "Position": [
        5.554213,
        6.3,
        -5.014214
    ],
    "Rotation": [
        135.0,
        135.0,
        0.0
    ],
    "PanTiltDirection": [
        0.0,
        90.0
    ],
    "DataPointsTop": [
        {
            "Target": [
                0.22,
                3.5,
                -0.84
            ],
            "PanTilt": [
                -6.0,
                30.1
            ],
            "PanTiltOffset": [
                -153.21658325195312,
                -80.38249969482422
            ],
            "Distance": null,
            "HomogTarget": [
                -0.10510423526567647,
                0.5828727625180014
            ]
        },
        {
            "Target": [
                7.64,
                3.5,
                -0.36
            ],
            "PanTilt": [
                -62.2,
                -13.2
            ],
            "PanTiltOffset": [
                191.9027099609375,
                -25.786880493164062
            ],
            "Distance": null,
            "HomogTarget": [
                -1.8966687694364976,
                -0.5029043763432344
            ]
        },
        {
            "Target": [
                7.5600000000000005,
                3.5,
                -8.72
            ],
            "PanTilt": [
                88.2,
                -53.800000000000004
            ],
            "PanTiltOffset": [
                -9.641403198242188,
                52.53737258911133
            ],
            "Distance": null,
            "HomogTarget": [
                31.820515953774073,
                -43.498685570939415
            ]
        },
        {
            "Target": [
                0.4,
                3.5,
                -8.85
            ],
            "PanTilt": [
                56.0,
                6.299999999999995
            ],
            "PanTiltOffset": [
                -106.47879791259766,
                -7.341621398925781
            ],
            "Distance": null,
            "HomogTarget": [
                1.48256096851274,
                0.19742923619128916
            ]
        }
    ],
    "DataPointsBtm": [
        {
            "Target": [
                0.22,
                0.48,
                -0.84
            ],
            "PanTilt": [
                -4.5,
                11.900000000000002
            ],
            "PanTiltOffset": [
                -139.24755859375,
                -81.96865844726562
            ],
            "Distance": null,
            "HomogTarget": [
                -0.07870170682461845,
                0.21138468099437122
            ]
        },
        {
            "Target": [
                7.64,
                0.48,
                -0.36
            ],
            "PanTilt": [
                -43.9,
                -25.399999999999995
            ],
            "PanTiltOffset": [
                158.52029418945312,
                -26.916187286376953
            ],
            "Distance": null,
            "HomogTarget": [
                -0.9623215022995314,
                -0.6589885204775272
            ]
        },
        {
            "Target": [
                7.5600000000000005,
                0.48,
                -8.72
            ],
            "PanTilt": [
                50.0,
                -57.1
            ],
            "PanTiltOffset": [
                9.900089263916016,
                38.02110290527344
            ],
            "Distance": null,
            "HomogTarget": [
                1.1917535925942098,
                -2.404782899637721
            ]
        },
        {
            "Target": [
                0.4,
                0.48,
                -8.85
            ],
            "PanTilt": [
                43.7,
                -6.800000000000004
            ],
            "PanTiltOffset": [
                -67.67573547363281,
                -23.658672332763672
            ],
            "Distance": null,
            "HomogTarget": [
                0.9556207567463613,
                -0.1649352689886516
            ]
        }
    ],
    "HomographyTop": [
        [
            -0.06462592329955312,
            -0.12786956272273844,
            -0.1928413108152434
        ],
        [
            -0.10070139217672736,
            0.051549971610782654,
            0.6180738114761898
        ],
        [
            -0.08482036751148063,
            0.03957927682168142,
            1.0
        ]
    ],
    "HomographyBtm": [
        [
            -0.049260391258822846,
            -0.09635378700400046,
            -0.14579778481668193
        ],
        [
            -0.07487984961238908,
            0.03850819061329909,
            0.2521371984707902
        ],
        [
            -0.06322754951068343,
            0.028877377479023147,
            0.9999999999999999
        ]
    ],
    "HomographySide_1": [
        [
            -0.055844857239674854,
            0.00045562155887103297,
            -0.062470278671807725
        ],
        [
            -0.07210219101980424,
            0.06805595728414705,
            0.18339554403626773
        ],
        [
            -0.059169721050864474,
            -0.08311364915138568,
            1.0
        ]
    ],
    "HomographySide_2": [
        [
            -0.06565186178212276,
            -0.0008682129647264496,
            0.9018452091866789
        ],
        [
            -0.0930703008145599,
            0.08849152228963772,
            -0.156297299272589
        ],
        [
            -0.08043172087654545,
            -0.10836794342510529,
            1.0
        ]
    ],
    "Axis": "z",
    "DMXStartingAddress": 55
}