{
    "Position": [
        4.905367,
        6.3,
        -1.7522410000000002
    ],
    "Rotation": [
        135.0,
        22.5,
        0.0
    ],
    "PanTiltDirection": [
        0.0,
        90.0
    ],
    "DataPointsTop": [
        {
            "Target": [
                0.22,
                3.5,
                -0.84
            ],
            "PanTilt": [
                -67.7,
                -20.7
            ],
            "PanTiltOffset": [
                127.95458984375,
                65.58123779296875
            ],
            "Distance": null,
            "HomogTarget": [
                -2.4382519433448815,
                -0.9958159916150662
            ]
        },
        {
            "Target": [
                7.64,
                3.5,
                -0.36
            ],
            "PanTilt": [
                70.39999999999999,
                -36.199999999999996
            ],
            "PanTiltOffset": [
                -77.60601806640625,
                98.58900451660156
            ],
            "Distance": null,
            "HomogTarget": [
                2.80832626148884,
                -2.181803358548127
            ]
        },
        {
            "Target": [
                7.5600000000000005,
                3.5,
                -8.72
            ],
            "PanTilt": [
                28.699999999999992,
                22.5
            ],
            "PanTiltOffset": [
                -193.03627014160156,
                31.199066162109375
            ],
            "Distance": null,
            "HomogTarget": [
                0.5474840081548532,
                0.4722286655432771
            ]
        },
        {
            "Target": [
                0.4,
                3.5,
                -8.85
            ],
            "PanTilt": [
                -24.90000000000001,
                25.5
            ],
            "PanTiltOffset": [
                129.3973846435547,
                -7.658699035644531
            ],
            "Distance": null,
            "HomogTarget": [
                -0.46418454532923875,
                0.5258570975420067
            ]
        }
    ],
    "DataPointsBtm": [
        {
            "Target": [
                0.22,
                0.48,
                -0.84
            ],
            "PanTilt": [
                -47.7,
                -33.7
            ],
            "PanTiltOffset": [
                96.29325866699219,
                65.80754089355469
            ],
            "Distance": null,
            "HomogTarget": [
                -1.0989856505363016,
                -0.9909430849902692
            ]
        },
        {
            "Target": [
                7.64,
                0.48,
                -0.36
            ],
            "PanTilt": [
                43.8,
                -45.400000000000006
            ],
            "PanTiltOffset": [
                -48.61811447143555,
                88.87310028076172
            ],
            "Distance": null,
            "HomogTarget": [
                0.9589655219628987,
                -1.4049832443859391
            ]
        },
        {
            "Target": [
                7.5600000000000005,
                0.48,
                -8.72
            ],
            "PanTilt": [
                21.89999999999999,
                6.800000000000004
            ],
            "PanTiltOffset": [
                -64.80256652832031,
                8.420364379882812
            ],
            "Distance": null,
            "HomogTarget": [
                0.40199742250688414,
                0.12851705263668525
            ]
        },
        {
            "Target": [
                0.4,
                0.48,
                -8.85
            ],
            "PanTilt": [
                -20.500000000000007,
                9.7
            ],
            "PanTiltOffset": [
                107.05741882324219,
                -8.915374755859375
            ],
            "Distance": null,
            "HomogTarget": [
                -0.3738846794848048,
                0.1824898105322243
            ]
        }
    ],
    "HomographyTop": [
        [
            0.8801387085554551,
            -0.06908310273884298,
            -3.920463509060539
        ],
        [
            -0.05499837861548978,
            -0.6065154129491098,
            -1.9957634995826783
        ],
        [
            -0.027704637081691266,
            -0.6080724582437739,
            1.0
        ]
    ],
    "HomographyBtm": [
        [
            0.30504674031210033,
            -0.020804598251337587,
            -1.3757873331532005
        ],
        [
            -0.019445173450370452,
            -0.21096721806463797,
            -1.3371961727198736
        ],
        [
            -0.009478692706370856,
            -0.21069997297807344,
            1.0
        ]
    ],
    "HomographySide_1": [
        [
            0.23692757461807576,
            0.006070934399528874,
            -1.060665695927014
        ],
        [
            -0.026353601726736536,
            0.16673470135390442,
            -0.9809979918041192
        ],
        [
            -0.017585081691354115,
            -0.1689179344248884,
            1.0
        ]
    ],
    "HomographySide_2": [
        [
            0.10239489927748495,
            0.004926320093778211,
            -0.4034330092941227
        ],
        [
            -0.007892204946402713,
            0.07130284319035973,
            0.14469823443867397
        ],
        [
            -0.004916232059453331,
            -0.07265509717967729,
            1.0
        ]
    ],
    "Axis": "z",
    "DMXStartingAddress": 136
}