{
    "Position": [
        7.1,
        4.4,
        -8.0
    ],
    "Rotation": [
        135.0,
        0.0,
        0.0
    ],
    "PanTiltDirection": [
        0.0,
        -90.0
    ],
    "DataPointsTop": [
        {
            "Target": [
                8.42,
                3.33,
                -0.6
            ],
            "PanTilt": [
                -4.109999999999999,
                -15.32
            ],
            "PanTiltOffset": [
                171.43621826171875,
                210.67381286621094
            ],
            "Distance": null,
            "HomogTarget": [
                -0.0718563231913414,
                -0.2746505907984954
            ]
        },
        {
            "Target": [
                8.63,
                3.15,
                -7.17
            ],
            "PanTilt": [
                -48.62,
                8.699999999999998
            ],
            "PanTiltOffset": [
                166.88128662109375,
                162.4912109375
            ],
            "Distance": null,
            "HomogTarget": [
                -1.1350758342121618,
                0.23148249908178611
            ]
        },
        {
            "Target": [
                0.19,
                3.15,
                -7.22
            ],
            "PanTilt": [
                79.60000000000001,
                24.599999999999998
            ],
            "PanTiltOffset": [
                -187.36163330078125,
                129.75502014160156
            ],
            "Distance": null,
            "HomogTarget": [
                5.448571504414075,
                2.5362171161828715
            ]
        },
        {
            "Target": [
                0.14,
                3.27,
                -0.47
            ],
            "PanTilt": [
                43.50000000000001,
                5.099999999999999
            ],
            "PanTiltOffset": [
                -186.791015625,
                171.2356719970703
            ],
            "Distance": null,
            "HomogTarget": [
                0.94896456671488,
                0.12303663588373397
            ]
        }
    ],
    "DataPointsBtm": [],
    "HomographyTop": [
        [
            -0.11574760069211645,
            0.0055792372859430625,
            0.9149219987426193
        ],
        [
            -0.043781154114043805,
            -0.04191113911741114,
            0.10261304493827811
        ],
        [
            -0.0062908241570200744,
            0.11666407289882537,
            1.0
        ]
    ],
    "HomographyBtm": [
        [
            -0.10374274386408512,
            0.012755208910132385,
            0.7030755157370109
        ],
        [
            -0.039758152574336375,
            -0.03393492572662806,
            0.3925656698871835
        ],
        [
            -0.0006172475640683929,
            0.10496934043385305,
            1.0
        ]
    ],
    "HomographySide_1": [
        [
            0.03927575770372833,
            0.007304877137261926,
            -0.18255640925454178
        ],
        [
            -0.09517461460585394,
            -0.033511524716482166,
            0.08220286448535487
        ],
        [
            -0.04666113253176881,
            0.10530520105585081,
            0.9999999999999999
        ]
    ],
    "HomographySide_2": [
        [
            0.03728584000058434,
            0.0173721365473022,
            0.6740352121397574
        ],
        [
            -0.09856504944025316,
            -0.02904752505411955,
            0.4107957996643238
        ],
        [
            -0.036770031325613906,
            0.10553043775075605,
            1.0
        ]
    ],
    "Axis": "z",
    "DMXStartingAddress": 136
}