{
    "Position": [
        2.2922409999999998,
        6.3,
        -4.365367
    ],
    "Rotation": [
        135.0,
        247.5,
        -4.365367
    ],
    "PanTiltDirection": [
        0.0,
        90.0
    ],
    "DataPointsTop": [
        {
            "Target": [
                0.22,
                3.5,
                -0.84
            ],
            "PanTilt": [
                58.9,
                -10.8
            ],
            "PanTiltOffset": [
                -178.243896484375,
                -15.94503402709961
            ],
            "Distance": null,
            "HomogTarget": [
                1.6577189442530598,
                -0.36930860325533227
            ]
        },
        {
            "Target": [
                7.64,
                3.5,
                -0.36
            ],
            "PanTilt": [
                -0.7000000000000002,
                23.2
            ],
            "PanTiltOffset": [
                -163.98556518554688,
                -67.91423034667969
            ],
            "Distance": null,
            "HomogTarget": [
                -0.01221791266221772,
                0.42863253644773786
            ]
        },
        {
            "Target": [
                7.5600000000000005,
                3.5,
                -8.72
            ],
            "PanTilt": [
                -64.2,
                -6.910000000000001
            ],
            "PanTiltOffset": [
                -5.1680755615234375,
                21.828285217285156
            ],
            "Distance": null,
            "HomogTarget": [
                -2.0685993549187924,
                -0.2784506656473354
            ]
        },
        {
            "Target": [
                0.4,
                3.5,
                -8.85
            ],
            "PanTilt": [
                58.6,
                -111.11
            ],
            "PanTiltOffset": [
                -144.18478393554688,
                114.58796691894531
            ],
            "Distance": null,
            "HomogTarget": [
                1.638262989994982,
                4.971528924578792
            ]
        }
    ],
    "DataPointsBtm": [
        {
            "Target": [
                0.22,
                0.48,
                -0.84
            ],
            "PanTilt": [
                43.6,
                -25.999999999999996
            ],
            "PanTiltOffset": [
                -151.43307495117188,
                -11.927742004394531
            ],
            "Distance": null,
            "HomogTarget": [
                0.9522871302494246,
                -0.6735039215659683
            ]
        },
        {
            "Target": [
                7.64,
                0.48,
                -0.36
            ],
            "PanTilt": [
                -0.19999999999999862,
                5.0
            ],
            "PanTiltOffset": [
                -155.24891662597656,
                -70.21119689941406
            ],
            "Distance": null,
            "HomogTarget": [
                -0.003490672681596226,
                0.08748919654004896
            ]
        },
        {
            "Target": [
                7.5600000000000005,
                0.48,
                -8.72
            ],
            "PanTilt": [
                -50.5,
                -20.8
            ],
            "PanTiltOffset": [
                20.939882278442383,
                -7.7306671142578125
            ],
            "Distance": null,
            "HomogTarget": [
                -1.2130970040929325,
                -0.5971975668721047
            ]
        },
        {
            "Target": [
                0.4,
                0.48,
                -8.85
            ],
            "PanTilt": [
                -51.2,
                -75.21
            ],
            "PanTiltOffset": [
                -20.916759490966797,
                65.25130462646484
            ],
            "Distance": null,
            "HomogTarget": [
                -1.243749161426943,
                -6.044528485018528
            ]
        }
    ],
    "HomographyTop": [
        [
            -0.2226940199079264,
            0.24502165452308394,
            1.761395284436
        ],
        [
            0.16884750787786657,
            0.14985129816005233,
            -0.24691003639518275
        ],
        [
            0.178476626852013,
            0.1552797755055938,
            1.0
        ]
    ],
    "HomographyBtm": [
        [
            -0.13138974889027233,
            0.14336312795932624,
            1.0492478392138629
        ],
        [
            0.10096874805827834,
            0.08788487016991597,
            -0.5848551043745973
        ],
        [
            0.105246451615294,
            0.09303358194896459,
            1.0
        ]
    ],
    "HomographySide_1": [
        [
            -0.12403297565396852,
            -0.003599176725161977,
            0.9429641041034852
        ],
        [
            0.1086497478541669,
            0.14741732672663652,
            -0.7410527663796549
        ],
        [
            0.11680244023273335,
            -0.13740685671741149,
            1.0
        ]
    ],
    "HomographySide_2": [
        [
            -0.5436824664903663,
            -0.031786641077462006,
            -0.9056986141618718
        ],
        [
            0.4267968502803925,
            0.5916070828239431,
            -5.987371481521621
        ],
        [
            0.45140742324328903,
            -0.5525883195694654,
            1.0
        ]
    ],
    "Axis": "z",
    "DMXStartingAddress": 190
}