{
    "Position": [
        4.14,
        30.0,
        -1.6
    ],
    "Rotation": [
        135.0,
        0.0,
        -1.6
    ],
    "PanTiltDirection": [
        0.0,
        90.0
    ],
    "DataPointsTop": [
        {
            "Target": [
                0.22,
                3.5,
                -0.84
            ],
            "PanTilt": [
                -70.2,
                -42.8
            ],
            "PanTiltOffset": [
                128.37948608398438,
                92.54948425292969
            ],
            "Distance": null,
            "HomogTarget": [
                -2.777606853914976,
                -2.733706791860204
            ]
        },
        {
            "Target": [
                7.64,
                3.5,
                -0.36
            ],
            "PanTilt": [
                63.9,
                -15.300000000000002
            ],
            "PanTiltOffset": [
                -85.01408386230469,
                78.636474609375
            ],
            "Distance": null,
            "HomogTarget": [
                2.0412539671217025,
                -0.6218337939125403
            ]
        },
        {
            "Target": [
                7.5600000000000005,
                3.5,
                -8.72
            ],
            "PanTilt": [
                14.5,
                29.199999999999996
            ],
            "PanTiltOffset": [
                -157.29786682128906,
                17.939788818359375
            ],
            "Distance": null,
            "HomogTarget": [
                0.25861758435589033,
                0.5772684725870447
            ]
        },
        {
            "Target": [
                0.4,
                3.5,
                -8.85
            ],
            "PanTilt": [
                -38.699999999999996,
                19.099999999999998
            ],
            "PanTiltOffset": [
                148.17123413085938,
                3.4484481811523438
            ],
            "Distance": null,
            "HomogTarget": [
                -0.801151070558751,
                0.44370522224405784
            ]
        }
    ],
    "DataPointsBtm": [
        {
            "Target": [
                0.22,
                0.48,
                -0.84
            ],
            "PanTilt": [
                -40.7,
                -48.49999999999999
            ],
            "PanTiltOffset": [
                86.17090606689453,
                84.7091293334961
            ],
            "Distance": null,
            "HomogTarget": [
                -0.8601356945537217,
                -1.4908893218458252
            ]
        },
        {
            "Target": [
                7.64,
                0.48,
                -0.36
            ],
            "PanTilt": [
                45.699999999999996,
                -28.699999999999992
            ],
            "PanTiltOffset": [
                -59.81646728515625,
                73.98837280273438
            ],
            "Distance": null,
            "HomogTarget": [
                1.0247380729390358,
                -0.7838946534753888
            ]
        },
        {
            "Target": [
                7.5600000000000005,
                0.48,
                -8.72
            ],
            "PanTilt": [
                11.2,
                12.699999999999998
            ],
            "PanTiltOffset": [
                -92.93301391601562,
                4.853691101074219
            ],
            "Distance": null,
            "HomogTarget": [
                0.19800533200809797,
                0.2297350003901287
            ]
        },
        {
            "Target": [
                0.4,
                0.48,
                -8.85
            ],
            "PanTilt": [
                -31.0,
                4.199999999999999
            ],
            "PanTiltOffset": [
                119.7918701171875,
                -0.43914031982421875
            ],
            "Distance": null,
            "HomogTarget": [
                -0.6008606190275603,
                0.0856722013689421
            ]
        }
    ],
    "HomographyTop": [
        [
            2.224580914394907,
            0.670561586263195,
            -6.457282019077323
        ],
        [
            0.5461069391490252,
            -1.5854909584214332,
            -7.879876655843315
        ],
        [
            0.45924754005714363,
            -1.4884794158867372,
            1.0
        ]
    ],
    "HomographyBtm": [
        [
            0.3649879738516253,
            0.11443998624411818,
            -1.0327817809012778
        ],
        [
            0.08493959106734857,
            -0.25881898108479273,
            -2.0536769995179456
        ],
        [
            0.07676230593462395,
            -0.24076022347410458,
            1.0
        ]
    ],
    "HomographySide_1": [
        [
            0.2840830074555295,
            0.005970429976763095,
            -0.8484441552155259
        ],
        [
            0.04634529460339823,
            0.2001224098690486,
            -1.4635821349628246
        ],
        [
            0.05153894496332583,
            -0.21025824300204962,
            1.0
        ]
    ],
    "HomographySide_2": [
        [
            0.11140879509849363,
            0.0008947659760461103,
            -0.6265689806178025
        ],
        [
            0.023438474864842167,
            0.0787012589641982,
            0.035770556842187815
        ],
        [
            0.01725352744659288,
            -0.08124252708176116,
            1.0
        ]
    ],
    "Axis": "z",
    "DMXStartingAddress": 109
}