{
    "Position": [
        -0.1,
        3.6,
        -8.0
    ],
    "Rotation": [
        135.0,
        0.0,
        0.0
    ],
    "PanTiltDirection": [
        0.0,
        0.0
    ],
    "DataPointsTop": [],
    "DataPointsBtm": [],
    "HomographyTop": [
        [
            -0.10781981781522262,
            -0.00820796700295943,
            -0.04385278017996838
        ],
        [
            0.04218766718639536,
            -0.03792654626451506,
            -0.2980130455687652
        ],
        [
            -0.003700040203023642,
            0.11207986679287055,
            1.0
        ]
    ],
    "HomographyBtm": [
        [
            -0.10447528676594975,
            -0.007236103321219533,
            0.08104218479290679
        ],
        [
            0.038931064303908,
            -0.03460477977412366,
            0.03876191830286312
        ],
        [
            0.005312929651062681,
            0.1064307611149674,
            1.0
        ]
    ],
    "HomographySide_1": [
        [
            -0.02758593460437193,
            -0.014726448885167226,
            -0.7527437750224922
        ],
        [
            -0.09630685060010398,
            -0.027867598337289197,
            0.37456922026103706
        ],
        [
            -0.04287123727049122,
            0.10224439716634064,
            1.0
        ]
    ],
    "HomographySide_2": [
        [
            -0.04048200938335621,
            -0.006304990674938223,
            0.07704193275269873
        ],
        [
            -0.10662100722432469,
            -0.03439595524733983,
            0.07174025699921853
        ],
        [
            -0.015302780003659438,
            0.10613684788561632,
            1.0
        ]
    ],
    "Axis": "z",
    "DMXStartingAddress": 1
}