{
    "Position": [
        2.7257860000000003,
        6.3,
        -2.1857860000000002
    ],
    "Rotation": [
        135.0,
        315.0,
        -2.1857860000000002
    ],
    "PanTiltDirection": [
        0.0,
        90.0
    ],
    "DataPointsTop": [
        {
            "Target": [
                0.22,
                3.5,
                -0.84
            ],
            "PanTilt": [
                -97.5,
                -106.7
            ],
            "PanTiltOffset": [
                120.6378173828125,
                168.25169372558594
            ],
            "Distance": null,
            "HomogTarget": [
                7.5957541127251496,
                -25.53643472455533
            ]
        },
        {
            "Target": [
                7.64,
                3.5,
                -0.36
            ],
            "PanTilt": [
                -136.7,
                -190.79999999999998
            ],
            "PanTiltOffset": [
                83.35159301757812,
                239.80101013183594
            ],
            "Distance": null,
            "HomogTarget": [
                0.9423523286789541,
                0.26211506299390336
            ]
        },
        {
            "Target": [
                7.5600000000000005,
                3.5,
                -8.72
            ],
            "PanTilt": [
                -22.3,
                22.4
            ],
            "PanTiltOffset": [
                -83.8636474609375,
                -0.91668701171875
            ],
            "Distance": null,
            "HomogTarget": [
                -0.41012988946013673,
                0.4454884648127322
            ]
        },
        {
            "Target": [
                0.4,
                3.5,
                -8.85
            ],
            "PanTilt": [
                -64.8,
                -10.600000000000001
            ],
            "PanTiltOffset": [
                203.9125213623047,
                54.78636932373047
            ],
            "Distance": null,
            "HomogTarget": [
                -2.125108173157203,
                -0.4395350288814419
            ]
        }
    ],
    "DataPointsBtm": [
        {
            "Target": [
                0.22,
                0.48,
                -0.84
            ],
            "PanTilt": [
                -151.5,
                -113.7
            ],
            "PanTiltOffset": [
                166.97789001464844,
                156.13702392578125
            ],
            "Distance": null,
            "HomogTarget": [
                0.5429556996384372,
                -2.59219302041831
            ]
        },
        {
            "Target": [
                7.64,
                0.48,
                -0.36
            ],
            "PanTilt": [
                -145.8,
                -173.49999999999997
            ],
            "PanTiltOffset": [
                103.94027709960938,
                208.82177734375
            ],
            "Distance": null,
            "HomogTarget": [
                0.6795992982245262,
                -0.13775635874603853
            ]
        },
        {
            "Target": [
                7.5600000000000005,
                0.48,
                -8.72
            ],
            "PanTilt": [
                -17.1,
                6.4
            ],
            "PanTiltOffset": [
                -67.9021224975586,
                -4.5466461181640625
            ],
            "Distance": null,
            "HomogTarget": [
                -0.3076401696598983,
                0.11735592365629663
            ]
        },
        {
            "Target": [
                0.4,
                0.48,
                -8.85
            ],
            "PanTilt": [
                -50.8,
                -24.6
            ],
            "PanTiltOffset": [
                125.75985717773438,
                27.986984252929688
            ],
            "Distance": null,
            "HomogTarget": [
                -1.226121139378743,
                -0.7243900623796717
            ]
        }
    ],
    "HomographyTop": [
        [
            -1.4461356398965926,
            -3.169233163747815,
            -5.924594732114847
        ],
        [
            -2.273749342416259,
            0.8954258171999728,
            13.290090470068476
        ],
        [
            -2.2754729491413923,
            1.155701714326164,
            1.0
        ]
    ],
    "HomographyBtm": [
        [
            0.23107443276825473,
            0.5089235794315647,
            1.0457933137552027
        ],
        [
            0.36795209488103486,
            -0.1423078252509083,
            -3.395084375758028
        ],
        [
            0.36674763699316476,
            -0.18060340382980908,
            1.0
        ]
    ],
    "HomographySide_1": [
        [
            0.19425015635982634,
            -0.020709363388487088,
            0.4668737470180724
        ],
        [
            0.2684748196428286,
            0.3032913515251122,
            -2.5901735618889754
        ],
        [
            0.26089310710973723,
            -0.285670786463266,
            1.0
        ]
    ],
    "HomographySide_2": [
        [
            0.08588722700319068,
            -0.011331879068464718,
            -1.2420218893744988
        ],
        [
            0.13196640658990044,
            0.1518929148386556,
            -0.842396079497693
        ],
        [
            0.1333720535987042,
            -0.13325730486330065,
            1.0
        ]
    ],
    "Axis": "z",
    "DMXStartingAddress": 55
}