{
    "Position": [
        5.554213,
        6.3,
        -2.1857860000000002
    ],
    "Rotation": [
        135.0,
        45.0,
        -2.1857860000000002
    ],
    "PanTiltDirection": [
        0.0,
        90.0
    ],
    "DataPointsTop": [
        {
            "Target": [
                0.22,
                3.5,
                -0.84
            ],
            "PanTilt": [
                -58.6,
                -6.1
            ],
            "PanTiltOffset": [
                120.46138763427734,
                46.51184844970703
            ],
            "Distance": null,
            "HomogTarget": [
                -1.638262989994982,
                -0.20511937595623592
            ]
        },
        {
            "Target": [
                7.64,
                3.5,
                -0.36
            ],
            "PanTilt": [
                84.8,
                -62.699999999999996
            ],
            "PanTiltOffset": [
                -79.03180694580078,
                122.763671875
            ],
            "Distance": null,
            "HomogTarget": [
                10.988150138093086,
                -21.377130631133124
            ]
        },
        {
            "Target": [
                7.5600000000000005,
                3.5,
                -8.72
            ],
            "PanTilt": [
                43.6,
                10.800000000000004
            ],
            "PanTiltOffset": [
                114.70992279052734,
                43.541839599609375
            ],
            "Distance": null,
            "HomogTarget": [
                0.9522871302494246,
                0.26341841264021415
            ]
        },
        {
            "Target": [
                0.4,
                3.5,
                -8.85
            ],
            "PanTilt": [
                -6.199999999999998,
                25.300000000000008
            ],
            "PanTiltOffset": [
                106.86148071289062,
                -11.362022399902344
            ],
            "Distance": null,
            "HomogTarget": [
                -0.10863476435660362,
                0.4754789278276183
            ]
        }
    ],
    "DataPointsBtm": [
        {
            "Target": [
                0.22,
                0.48,
                -0.84
            ],
            "PanTilt": [
                -44.300000000000004,
                -22.5
            ],
            "PanTiltOffset": [
                95.43763732910156,
                50.90497589111328
            ],
            "Distance": null,
            "HomogTarget": [
                -0.9758591257685146,
                -0.5787589322439044
            ]
        },
        {
            "Target": [
                7.64,
                0.48,
                -0.36
            ],
            "PanTilt": [
                36.89999999999999,
                -63.8
            ],
            "PanTiltOffset": [
                -32.96611022949219,
                104.72119140625
            ],
            "Distance": null,
            "HomogTarget": [
                0.7508212380387645,
                -2.5413371702212224
            ]
        },
        {
            "Target": [
                7.5600000000000005,
                0.48,
                -8.72
            ],
            "PanTilt": [
                34.6,
                -4.399999999999996
            ],
            "PanTiltOffset": [
                0.1703643798828125,
                -1.5684661865234375
            ],
            "Distance": null,
            "HomogTarget": [
                0.6898537918621215,
                -0.09347880791687517
            ]
        },
        {
            "Target": [
                0.4,
                0.48,
                -8.85
            ],
            "PanTilt": [
                -5.699999999999998,
                9.100000000000005
            ],
            "PanTiltOffset": [
                90.60969543457031,
                -10.514739990234375
            ],
            "Distance": null,
            "HomogTarget": [
                -0.09981326947148199,
                0.1609699534592168
            ]
        }
    ],
    "HomographyTop": [
        [
            0.37091860872908633,
            -0.19152497231770957,
            -2.210941719307305
        ],
        [
            -0.1329988126289542,
            -0.23461159414043556,
            -0.4142756460394481
        ],
        [
            -0.13562911361104119,
            -0.2754651289730091,
            1.0
        ]
    ],
    "HomographyBtm": [
        [
            0.20177072478109748,
            -0.10202827900506219,
            -1.2126036728825782
        ],
        [
            -0.07200290510861328,
            -0.12786442070562104,
            -0.7335767637103482
        ],
        [
            -0.07419203755404082,
            -0.149537925370227,
            1.0
        ]
    ],
    "HomographySide_1": [
        [
            0.16286421280699914,
            0.0030208069193977797,
            -0.9393631959412462
        ],
        [
            -0.06765195936573563,
            0.14013268040355303,
            -0.5873843944528584
        ],
        [
            -0.06958938465708989,
            -0.12560716370725064,
            1.0
        ]
    ],
    "HomographySide_2": [
        [
            0.08381696126737012,
            0.003998135093654339,
            -0.1310027301324222
        ],
        [
            -0.031072319236651644,
            0.0699620352320059,
            0.13295272222461738
        ],
        [
            -0.03155537380650523,
            -0.06254531999152631,
            1.0
        ]
    ],
    "Axis": "z",
    "DMXStartingAddress": 163
}