{
    "Position": [
        6.14,
        30.0,
        -3.6
    ],
    "Rotation": [
        135.0,
        -270.0,
        0.0
    ],
    "PanTiltDirection": [
        0.0,
        90.0
    ],
    "DataPointsTop": [
        {
            "Target": [
                0.22,
                3.5,
                -0.84
            ],
            "PanTilt": [
                -35.4,
                16.1
            ],
            "PanTiltOffset": [
                13.328739166259766,
                1.7416458129882812
            ],
            "Distance": null,
            "HomogTarget": [
                -0.7106630093811515,
                0.35409805710658193
            ]
        },
        {
            "Target": [
                7.64,
                3.5,
                -0.36
            ],
            "PanTilt": [
                -78.5,
                -60.0
            ],
            "PanTiltOffset": [
                4.088813781738281,
                14.192447662353516
            ],
            "Distance": null,
            "HomogTarget": [
                -4.915157031071205,
                -8.687710050425604
            ]
        },
        {
            "Target": [
                7.5600000000000005,
                3.5,
                -8.72
            ],
            "PanTilt": [
                68.3,
                -12.700000000000003
            ],
            "PanTiltOffset": [
                12.510665893554688,
                -16.61492919921875
            ],
            "Distance": null,
            "HomogTarget": [
                2.5128890335228915,
                -0.6094975238145147
            ]
        },
        {
            "Target": [
                0.4,
                3.5,
                -8.85
            ],
            "PanTilt": [
                27.4,
                23.2
            ],
            "PanTiltOffset": [
                15.657442092895508,
                -9.511749267578125
            ],
            "Distance": null,
            "HomogTarget": [
                0.5183507658105608,
                0.4827586395004323
            ]
        }
    ],
    "DataPointsBtm": [
        {
            "Target": [
                0.22,
                0.48,
                -0.84
            ],
            "PanTilt": [
                -27.4,
                -1.5999999999999988
            ],
            "PanTiltOffset": [
                10.705446243286133,
                1.4107589721679688
            ],
            "Distance": null,
            "HomogTarget": [
                -0.5183507658105608,
                -0.031462091854035625
            ]
        },
        {
            "Target": [
                7.64,
                0.48,
                -0.36
            ],
            "PanTilt": [
                -37.1,
                -59.300000000000004
            ],
            "PanTiltOffset": [
                -7.747364044189453,
                7.619743347167969
            ],
            "Distance": null,
            "HomogTarget": [
                -0.7562940600292124,
                -2.111617207180012
            ]
        },
        {
            "Target": [
                7.5600000000000005,
                0.48,
                -8.72
            ],
            "PanTilt": [
                52.5,
                -25.400000000000002
            ],
            "PanTiltOffset": [
                8.435997009277344,
                -14.683074951171875
            ],
            "Distance": null,
            "HomogTarget": [
                1.3032253728412058,
                -0.780001636746037
            ]
        },
        {
            "Target": [
                0.4,
                0.48,
                -8.85
            ],
            "PanTilt": [
                21.4,
                7.599999999999997
            ],
            "PanTiltOffset": [
                13.100469589233398,
                -8.509567260742188
            ],
            "Distance": null,
            "HomogTarget": [
                0.39189571465121936,
                0.14330879541381591
            ]
        }
    ],
    "HomographyTop": [
        [
            0.0619270215157237,
            -0.17455859896284487,
            -0.8775062035632584
        ],
        [
            -0.12702012445016603,
            -0.0387100124318795,
            0.3528096415245121
        ],
        [
            -0.1238433508087512,
            -0.04347451980908063,
            0.9999999999999999
        ]
    ],
    "HomographyBtm": [
        [
            0.04403576137826813,
            -0.12468475176230162,
            -0.6361291003839169
        ],
        [
            -0.08979567389946437,
            -0.02811038775448635,
            -0.035523421692444455
        ],
        [
            -0.08824290572384726,
            -0.030817144758981143,
            1.0
        ]
    ],
    "HomographySide_1": [
        [
            0.033277830031163136,
            0.0038688988454141145,
            -0.49569294134955105
        ],
        [
            -0.0861763571680497,
            0.08811952101479296,
            -0.05286832601570855
        ],
        [
            -0.08379825028661439,
            -0.08954649451534849,
            1.0
        ]
    ],
    "HomographySide_2": [
        [
            0.03244407403935052,
            0.0015739911971464576,
            0.3540107774164489
        ],
        [
            -0.06894032865122485,
            0.07034543155722785,
            0.1282872655393751
        ],
        [
            -0.06675172452499463,
            -0.07276544053043202,
            0.9999999999999999
        ]
    ],
    "Axis": "y",
    "DMXStartingAddress": 1
}