{
    "Position": [
        5.9877590000000005,
        30.0,
        -2.834633
    ],
    "Rotation": [
        135.0,
        67.5,
        -2.834633
    ],
    "PanTiltDirection": [
        0.5,
        90.0
    ],
    "DataPointsTop": [
        {
            "Target": [
                0.22,
                3.5,
                -0.84
            ],
            "PanTilt": [
                -48.2,
                5.6
            ],
            "PanTiltOffset": [
                110.84046936035156,
                30.75153350830078
            ],
            "Distance": null,
            "HomogTarget": [
                -1.1184391353115397,
                0.14710589755019882
            ]
        },
        {
            "Target": [
                7.64,
                3.5,
                -0.36
            ],
            "PanTilt": [
                36.5,
                -87.60000000000001
            ],
            "PanTiltOffset": [
                -20.202795028686523,
                144.21038818359375
            ],
            "Distance": null,
            "HomogTarget": [
                0.7399610750284876,
                -29.681002135036046
            ]
        },
        {
            "Target": [
                7.5600000000000005,
                3.5,
                -8.72
            ],
            "PanTilt": [
                55.9,
                3.1999999999999984
            ],
            "PanTiltOffset": [
                68.51210021972656,
                39.838836669921875
            ],
            "Distance": null,
            "HomogTarget": [
                1.4769938278509929,
                0.09972313797547286
            ]
        },
        {
            "Target": [
                0.4,
                3.5,
                -8.85
            ],
            "PanTilt": [
                9.299999999999997,
                27.5
            ],
            "PanTiltOffset": [
                87.83816528320312,
                -16.78045654296875
            ],
            "Distance": null,
            "HomogTarget": [
                0.16375628008901744,
                0.527500668939891
            ]
        }
    ],
    "DataPointsBtm": [
        {
            "Target": [
                0.22,
                0.48,
                -0.84
            ],
            "PanTilt": [
                -36.60000000000001,
                -10.9
            ],
            "PanTiltOffset": [
                89.34317016601562,
                35.99243927001953
            ],
            "Distance": null,
            "HomogTarget": [
                -0.742665541533811,
                -0.23986728400169846
            ]
        },
        {
            "Target": [
                7.64,
                0.48,
                -0.36
            ],
            "PanTilt": [
                0.19999999999999152,
                -68.2
            ],
            "PanTiltOffset": [
                11.127237319946289,
                106.02096557617188
            ],
            "Distance": null,
            "HomogTarget": [
                0.003490672681596102,
                -2.500193594291969
            ]
        },
        {
            "Target": [
                7.5600000000000005,
                0.48,
                -8.72
            ],
            "PanTilt": [
                44.199999999999996,
                -11.100000000000001
            ],
            "PanTiltOffset": [
                10.743263244628906,
                -0.4411468505859375
            ],
            "Distance": null,
            "HomogTarget": [
                0.9724575078326294,
                -0.2736634077365872
            ]
        },
        {
            "Target": [
                0.4,
                0.48,
                -8.85
            ],
            "PanTilt": [
                7.099999999999999,
                11.399999999999999
            ],
            "PanTiltOffset": [
                76.04635620117188,
                -14.497879028320312
            ],
            "Distance": null,
            "HomogTarget": [
                0.12455658436618396,
                0.20319346951706177
            ]
        }
    ],
    "HomographyTop": [
        [
            0.17697890303226196,
            -0.18754977790544133,
            -1.3976014117248348
        ],
        [
            -0.13283085244382914,
            -0.11718159260879725,
            0.08877155837673215
        ],
        [
            -0.1327780068174727,
            -0.12278599938351388,
            1.0
        ]
    ],
    "HomographyBtm": [
        [
            0.11269347782821798,
            -0.12024310527944286,
            -0.902985994130539
        ],
        [
            -0.08482942802082663,
            -0.07524822632618586,
            -0.29556383635005573
        ],
        [
            -0.08658193454729382,
            -0.07801693159559547,
            1.0
        ]
    ],
    "HomographySide_1": [
        [
            0.09335103005549471,
            0.004085002488834975,
            -0.7139683730744676
        ],
        [
            -0.08518522711134234,
            0.10352886719339681,
            -0.25428528889147567
        ],
        [
            -0.07937055354648884,
            -0.10723511272628272,
            1.0
        ]
    ],
    "HomographySide_2": [
        [
            0.06424683469796368,
            0.0014604892477192175,
            0.0917327891729333
        ],
        [
            -0.049638343022239954,
            0.06689709962868186,
            0.18045846215793038
        ],
        [
            -0.049428846823955146,
            -0.06625757910936148,
            1.0
        ]
    ],
    "Axis": "z",
    "DMXStartingAddress": 190
}