{
    "Position": [
        2.7257860000000003,
        30.0,
        -5.014214
    ],
    "Rotation": [
        135.0,
        225.0,
        -5.014214
    ],
    "PanTiltDirection": [
        0.0,
        90.0
    ],
    "DataPointsTop": [
        {
            "Target": [
                0.22,
                3.5,
                -0.84
            ],
            "PanTilt": [
                46.8,
                2.2
            ],
            "PanTiltOffset": [
                -167.66383361816406,
                -32.741729736328125
            ],
            "Distance": null,
            "HomogTarget": [
                1.0648918403247916,
                0.056119037901263456
            ]
        },
        {
            "Target": [
                7.64,
                3.5,
                -0.36
            ],
            "PanTilt": [
                -17.8,
                19.9
            ],
            "PanTiltOffset": [
                -156.99404907226562,
                -68.52694702148438
            ],
            "Distance": null,
            "HomogTarget": [
                -0.32106487552358953,
                0.38019511763794506
            ]
        },
        {
            "Target": [
                7.5600000000000005,
                3.5,
                -8.72
            ],
            "PanTilt": [
                -79.2,
                -24.6
            ],
            "PanTiltOffset": [
                47.15492248535156,
                33.290489196777344
            ],
            "Distance": null,
            "HomogTarget": [
                -5.2421835811131805,
                -2.443337250543826
            ]
        },
        {
            "Target": [
                0.4,
                3.5,
                -8.85
            ],
            "PanTilt": [
                -47.400000000000006,
                -109.6
            ],
            "PanTiltOffset": [
                -35.53291320800781,
                111.42694854736328
            ],
            "Distance": null,
            "HomogTarget": [
                -1.0874918302460026,
                4.148952521989319
            ]
        }
    ],
    "DataPointsBtm": [
        {
            "Target": [
                0.22,
                0.48,
                -0.84
            ],
            "PanTilt": [
                35.8,
                -14.8
            ],
            "PanTiltOffset": [
                -143.8887481689453,
                -27.53343963623047
            ],
            "Distance": null,
            "HomogTarget": [
                0.7212227463384274,
                -0.32575907171155843
            ]
        },
        {
            "Target": [
                7.64,
                0.48,
                -0.36
            ],
            "PanTilt": [
                -14.100000000000001,
                1.8999999999999992
            ],
            "PanTiltOffset": [
                -156.9272003173828,
                -71.40679931640625
            ],
            "Distance": null,
            "HomogTarget": [
                -0.2511826384788503,
                0.03420391152784546
            ]
        },
        {
            "Target": [
                7.5600000000000005,
                0.48,
                -8.72
            ],
            "PanTilt": [
                -60.699999999999996,
                -37.5
            ],
            "PanTiltOffset": [
                50.48979949951172,
                4.479373931884766
            ],
            "Distance": null,
            "HomogTarget": [
                -1.7819790417815622,
                -1.5679495356583746
            ]
        },
        {
            "Target": [
                0.4,
                0.48,
                -8.85
            ],
            "PanTilt": [
                54.099999999999994,
                -77.5
            ],
            "PanTiltOffset": [
                -122.2341079711914,
                64.6805191040039
            ],
            "Distance": null,
            "HomogTarget": [
                1.3814458187543592,
                -7.692566765548454
            ]
        }
    ],
    "HomographyTop": [
        [
            -0.19450162049430036,
            0.08333393970446927,
            1.0649678756816403
        ],
        [
            0.05703634170431269,
            0.12646000901077736,
            0.14385745902286337
        ],
        [
            0.059655065816229084,
            0.1416313879997506,
            1.0
        ]
    ],
    "HomographyBtm": [
        [
            -0.1372218144458925,
            0.057726767420983045,
            0.745923004642956
        ],
        [
            0.040821770505541234,
            0.08853264318392592,
            -0.2359914141525632
        ],
        [
            0.042265248589810005,
            0.10016920827770168,
            1.0
        ]
    ],
    "HomographySide_1": [
        [
            -0.13927418284070558,
            0.0013782511409904839,
            0.7243142021890644
        ],
        [
            0.04848889732417641,
            0.11603478743916236,
            -0.37997897923621077
        ],
        [
            0.05218465451905012,
            -0.10158501445100564,
            1.0
        ]
    ],
    "HomographySide_2": [
        [
            -0.8528951523811024,
            -0.006064176845001926,
            1.4739314711693872
        ],
        [
            0.2671120562286532,
            0.6791043487498061,
            -6.724443447108935
        ],
        [
            0.2758384216639845,
            -0.609273382281856,
            1.0
        ]
    ],
    "Axis": "z",
    "DMXStartingAddress": 163
}