{
    "Position": [
        6.1,
        0.3,
        -9.2
    ],
    "Rotation": [
        135.0,
        180.0,
        0.0
    ],
    "PanTiltDirection": [
        0.0,
        -90.0
    ],
    "DataPointsTop": [],
    "DataPointsBtm": [],
    "HomographyTop": [
        [
            0.11540255072363538,
            0.020902577744166703,
            -0.4771977492571314
        ],
        [
            -0.04364091437431172,
            0.033881471967980976,
            0.9556707720189241
        ],
        [
            -0.005469444251251245,
            0.11664681233537766,
            1.0
        ]
    ],
    "HomographyBtm": [
        [
            0.10489372065358128,
            0.01303195618674515,
            -0.5334418694088251
        ],
        [
            -0.03713580532031138,
            0.036102037286289496,
            0.5542305030977521
        ],
        [
            0.0013988012631071434,
            0.10505142531174706,
            1.0
        ]
    ],
    "HomographySide_1": [
        [
            0.029299313825428584,
            0.019878909219385916,
            0.3373620001721924
        ],
        [
            0.09259201688699045,
            0.03350344987714185,
            0.21019622431284266
        ],
        [
            -0.04828575241135638,
            0.1056150782664161,
            1.0
        ]
    ],
    "HomographySide_2": [
        [
            0.035211553115627646,
            0.009108614534808915,
            -0.5242954494571712
        ],
        [
            0.09741983654974612,
            0.03742225111234156,
            0.5187878502936145
        ],
        [
            -0.037112507842667675,
            0.10514968804909103,
            0.9999999999999999
        ]
    ],
    "Axis": "z",
    "DMXStartingAddress": 109
}