{"Position": [0.5, 1.0, 0.5], "Rotation": [90.0, 0.0, 0.0], "DMXStartingAddress": 26, "DataPoints": [{"Target": [0.0, 0.0, 0.0], "PanTilt": [-26.565052032470703, 114.09484100341797], "PanTiltOffset": [0.0, 0.0], "Distance": 1.2247449159622192, "HomogTarget": [-0.5000000186617742, -2.500000199983112]}, {"Target": [1.0, 0.0, 0.0], "PanTilt": [26.565052032470703, 114.09484100341797], "PanTiltOffset": [0.0, 0.0], "Distance": 1.2247449159622192, "HomogTarget": [0.5000000186617742, -2.500000199983112]}, {"Target": [1.0, 0.0, 1.0], "PanTilt": [26.565052032470703, 65.9051513671875], "PanTiltOffset": [0.0, 0.0], "Distance": 1.2247449159622192, "HomogTarget": [0.5000000186617742, 2.499999306731879]}, {"Target": [0.0, 0.0, 1.0], "PanTilt": [-26.565052032470703, 65.9051513671875], "PanTiltOffset": [0.0, 0.0], "Distance": 1.2247449159622192, "HomogTarget": [-0.5000000186617742, 2.499999306731879]}], "Homography": [[1.0000000000000007, 0.0, -0.5000000000000003], [0.0, 4.999999523162843, -2.5000002384185795], [0.0, 0.0, 1.0]]}