{"Position": [-1.2999999880790711, 0.5, -1.7000000000000002], "Rotation": [0.0, 45.0, 0.0], "DMXStartingAddress": 27, "DataPoints": [{"Target": [-0.97, 0.0, 1.2], "PanTilt": [-30.9, 107.06899999999999], "PanTiltOffset": [82.39193725585938, -7.348121643066406], "Distance": 2.961232900619507, "HomogTarget": [-0.5984876535943138, 0.35783774344369107]}, {"Target": [1.24, 0.0, 1.2], "PanTilt": [1.0, 102.26899999999999], "PanTiltOffset": [85.2138900756836, -4.879035949707031], "Distance": 3.887364387512207, "HomogTarget": [0.017455064928217585, 0.21750168044346926]}, {"Target": [1.24, 0.0, -1.54], "PanTilt": [43.26, 108.06899999999999], "PanTiltOffset": [88.13558959960938, -6.954170227050781], "Distance": 2.593684673309326, "HomogTarget": [0.9410351029124732, 0.44799316115112126]}, {"Target": [-0.97, 0.0, -1.54], "PanTilt": [29.559999999999995, 145.069], "PanTiltOffset": [79.57362365722656, -1.3284759521484375], "Distance": 0.6200806498527527, "HomogTarget": [0.5671560024893739, 1.6460677574419091]}], "Homography": [[0.3098891334042966, -0.29053784176990527, -0.005544614101205857], [-0.007589792695176124, -0.006779378869258301, 0.3922697559386596], [0.284520330590825, 0.3083720994782902, 1.0]], "PanTiltDirection": [0, 90]}