{"Position": [0.1, 0.5, -1.8], "Rotation": [0.0, 0.0, 0.0], "DMXStartingAddress": 1, "DataPoints": [{"Target": [-0.97, 0.0, 1.2], "PanTilt": [-22.411872940063475, 13.0], "PanTiltOffset": [2.7822494506835938, 85.92151641845703], "Distance": 3.2241122722625732, "HomogTarget": [-0.412412703431546, 0.24973111990934524]}, {"Target": [1.24, 0.0, 1.2], "PanTilt": [12.55999999999999, 14.58], "PanTiltOffset": [8.246790885925293, 84.27533721923828], "Distance": 3.2480146884918213, "HomogTarget": [0.2227935839327202, 0.2664850763713968]}, {"Target": [1.24, 0.0, -1.54], "PanTilt": [47.8, 42.78], "PanTiltOffset": [29.352298736572266, 70.37232971191406], "Distance": 1.2716917991638184, "HomogTarget": [1.1028463442417147, 1.3775995397943759]}, {"Target": [-0.97, 0.0, -1.54], "PanTilt": [-64.79999999999997, 29.48], "PanTiltOffset": [-11.5423583984375, 84.94168090820312], "Distance": 1.209338665008545, "HomogTarget": [-2.1251081731571992, 1.3277115137627156]}], "Homography": [[0.4430031577310177, 0.0011844578727738051, -0.20594976376252336], [0.01283069415277691, -0.0051928183655687524, 0.402733802761026], [0.0043982543546613176, 0.4517890604558201, 1.0]]}