{"Position": [0.1, 0.5, -1.8], "Rotation": [0.0, 0.0, 0.0], "DMXStartingAddress": 1, "DataPoints": [{"Target": [-0.97, 0.0, 1.2], "PanTilt": [-22.411872940063475, 102.71609039306641], "PanTiltOffset": [2.7822494506835938, -3.7945709228515625], "Distance": null, "HomogTarget": [-0.412412703431546, 0.24409182039354135]}, {"Target": [1.24, 0.0, 1.2], "PanTilt": [12.55999999999999, 104.57999999999998], "PanTiltOffset": [8.246790885925293, -5.724662780761719], "Distance": null, "HomogTarget": [0.2227935839327202, 0.2664850763713964]}, {"Target": [1.24, 0.0, -1.54], "PanTilt": [47.8, 132.77999999999997], "PanTiltOffset": [29.352298736572266, -19.627670288085938], "Distance": null, "HomogTarget": [1.1028463442417147, 1.3775995397943746]}, {"Target": [-0.97, 0.0, -1.54], "PanTilt": [-64.79999999999997, 119.47999999999999], "PanTiltOffset": [-11.5423583984375, -5.058319091796875], "Distance": null, "HomogTarget": [-2.1251081731571992, 1.3277115137627153]}], "Homography": [[0.442682093740438, -0.0004852145584889448, -0.202660295799329], [0.017663174911964973, -0.00729563720842736, 0.4003267436659446], [0.007953746452423359, 0.45143554565447885, 1.0]], "PanTiltDirection": [0, 90]}