{"Position": [0.1, 0.5, -1.8], "Rotation": [0.0, 0.0, 0.0], "DMXStartingAddress": 1, "DataPoints": [{"Target": [-0.97, 1.0, 1.2], "PanTilt": [-19.629623413085938, 81.07848358154297], "PanTiltOffset": [0.0, 0.0], "Distance": 3.2241122722625732, "HomogTarget": [-0.35666667289194515, -0.16666659937084832]}, {"Target": [1.24, 1.0, 1.2], "PanTilt": [20.806791305541992, 81.14466094970703], "PanTiltOffset": [0.0, 0.0], "Distance": 3.2480146884918213, "HomogTarget": [0.3800000058488693, -0.16666673079079425]}, {"Target": [1.24, 1.0, -1.54], "PanTilt": [77.15229797363281, 66.84767150878906], "PanTiltOffset": [0.0, 0.0], "Distance": 1.2716917991638184, "HomogTarget": [4.384616384407733, -1.9230773382398316]}, {"Target": [-0.97, 1.0, -1.54], "PanTilt": [-76.34236145019531, 65.57831573486328], "PanTiltOffset": [0.0, 0.0], "Distance": 1.209338665008545, "HomogTarget": [-4.115385853809426, -1.9230771549544368]}], "Homography": [[0.5555555828352878, -7.044093676795715e-08, -0.05555546719405907], [-1.0925757577765697e-07, -1.0315690225222888e-08, -0.2777777598656887], [4.871081857549689e-08, 0.5555555947783933, 1.0]], "PanTiltDirection": [0, 90]}