{"Position": [-1.2999999880790711, 0.5, -1.7000000000000002], "Rotation": [0.0, 0.0, 0.0], "DMXStartingAddress": 27, "DataPoints": [{"Target": [-0.97, 0.0, 1.2], "PanTilt": [6.49193811416626, 99.72087860107422], "PanTiltOffset": [0.0, 0.0], "Distance": 2.961232900619507, "HomogTarget": [0.11379307757808867, 0.17241375708636392]}, {"Target": [1.24, 0.0, 1.2], "PanTilt": [41.21388626098633, 97.38996124267578], "PanTiltOffset": [0.0, 0.0], "Distance": 3.887364149093628, "HomogTarget": [0.8758620164215646, 0.1724137699369357]}, {"Target": [1.24, 0.0, -1.54], "PanTilt": [86.39557647705078, 101.11483001708984], "PanTiltOffset": [0.0, 0.0], "Distance": 2.593684434890747, "HomogTarget": [15.874986823799174, 3.124997557221376]}, {"Target": [-0.97, 0.0, -1.54], "PanTilt": [64.13362884521484, 143.7405242919922], "PanTiltOffset": [0.0, 0.0], "Distance": 0.6200805902481079, "HomogTarget": [2.0624986831546073, 3.1249991066092555]}], "Homography": [[0.5882352724528285, 1.8199338332745238e-08, 0.7647058067929705], [1.5731207511498603e-08, -1.327417148593352e-08, 0.29411760550428845], [2.4528867688845354e-08, 0.588235282145483, 1.0]], "PanTiltDirection": [0, 90]}