{"Position": [0.1, 0.5, -1.8], "Rotation": [0.0, 0.0, 0.0], "DMXStartingAddress": 1, "DataPoints": [{"Target": [-0.97, 0.0, 1.2], "PanTilt": [-22.411872940063475, 102.71609039306641], "PanTiltOffset": [2.7822494506835938, -3.7945709228515625], "Distance": 3.2241122722625732, "HomogTarget": [-0.412412703431546, -4.793623301531467]}, {"Target": [1.24, 0.0, 1.2], "PanTilt": [12.55999999999999, 104.57999999999998], "PanTiltOffset": [8.246790885925293, -5.724662780761719], "Distance": 3.2480146884918213, "HomogTarget": [0.2227935839327202, -3.9388208725757012]}, {"Target": [1.24, 0.0, -1.54], "PanTilt": [47.8, 132.77999999999997], "PanTiltOffset": [29.352298736572266, -19.627670288085938], "Distance": 1.2716917991638184, "HomogTarget": [1.1028463442417147, -1.6087912306780552]}, {"Target": [-0.97, 0.0, -1.54], "PanTilt": [-64.79999999999997, 119.47999999999999], "PanTiltOffset": [-11.5423583984375, -5.058319091796875], "Distance": 1.209338665008545, "HomogTarget": [-2.1251081731571992, -4.154580788402612]}], "Homography": [[0.43108041300548217, -0.060819001740485594, -0.08379502838679398], [0.0018238022728220555, -2.1475851499207286, -4.103701685910985], [0.1364318236710973, 0.4386612514932691, 1.0]]}