{"Position": [0.30000001192092896, 2.00600004196167, 2.0], "Rotation": [180.0, 13.0, 0.5], "DMXStartingAddress": 1, "DataPoints": [{"Target": [-0.97, 0.0, 1.2], "PanTilt": [202.26999999999998, 102.97999999999999], "PanTiltOffset": [-247.4140167236328, -65.75088500976562], "Distance": 2.5053815841674805, "HomogTarget": [-1.8232343592002769, -4.3383844488932475]}, {"Target": [1.24, 0.0, 1.2], "PanTilt": [167.2, 104.37999999999998], "PanTiltOffset": [-105.13336181640625, -73.15423583984375], "Distance": 2.355342149734497, "HomogTarget": [0.9148089555160572, -3.9003945922007732]}, {"Target": [1.24, 0.0, -1.54], "PanTilt": [131.5, 133.07999999999998], "PanTiltOffset": [-103.89457702636719, -71.91615295410156], "Distance": 4.176031112670898, "HomogTarget": [1.6548509227980246, -1.069371265259875]}, {"Target": [-0.97, 0.0, -1.54], "PanTilt": [243.60000000000002, 119.57999999999998], "PanTiltOffset": [-250.58575439453125, -57.48472595214844], "Distance": 4.262456893920898, "HomogTarget": [-4.080896545071267, -1.761749948946834]}], "Homography": [[1.59669477067941, 0.04837799591060251, -0.8286046587688264], [0.16410531761568403, -1.6278751405028142, -3.406247274867944], [0.02256371419721077, 0.24499294969655466, 1.0]]}