{"Position": [0.30000001192092896, 2.00600004196167, 2.0], "Rotation": [180.0, 13.0, 0.5], "DMXStartingAddress": 1, "DataPoints": [{"Target": [0.0, 0.0, 0.0], "PanTilt": [3.9797351360321045, 45.30917739868164], "PanTiltOffset": [0.0, 0.0], "Distance": null, "HomogTarget": [0.06957140266805753, 1.0132943835242314]}, {"Target": [1.0, 0.0, 0.0], "PanTilt": [31.841386795043945, 46.40531921386719], "PanTiltOffset": [0.0, 0.0], "Distance": null, "HomogTarget": [0.6210267425363237, 1.2363555631606769]}, {"Target": [1.0, 0.0, 1.0], "PanTilt": [47.312286376953125, 31.036300659179688], "PanTiltOffset": [0.0, 0.0], "Distance": null, "HomogTarget": [1.0841559984957458, 0.887494724343163]}, {"Target": [0.0, 0.0, 1.0], "PanTilt": [-4.614333629608154, 27.642398834228516], "PanTiltOffset": [0.0, 0.0], "Distance": null, "HomogTarget": [-0.08070988318875952, 0.5254330189302588]}], "Homography": [[0.4863562846225575, -0.11114370735539474, 0.06957140564918522], [0.09346036438762943, -0.7426526432494924, 1.0132943391799927], [-0.10482489465787584, -0.4849168325544421, 1.0]]}